owner,name,repo_path,classe,gradle_multi,node_workspaces,erro_no_caminho,total_poms,total_pom_commits
Activiti,Activiti,/home/camila/repos/Activiti/Activiti,MONOREPO_MAVEN,False,False,False,67,2472
airbnb,lottie-android,/home/camila/repos/airbnb/lottie-android,SINGLE_REPO,True,False,False,0,0
alibaba,spring-cloud-alibaba,/home/camila/repos/alibaba/spring-cloud-alibaba,MONOREPO_MAVEN,False,False,False,74,665
alibaba,nacos,/home/camila/repos/alibaba/nacos,MONOREPO_MAVEN,False,False,False,37,521
alibaba,fastjson,/home/camila/repos/alibaba/fastjson,SINGLE_REPO,False,False,False,1,620
aliyun,aliyun-openapi-java-sdk,/home/camila/repos/aliyun/aliyun-openapi-java-sdk,MULTIPROJETOS,False,False,False,347,5538
Alluxio,alluxio,/home/camila/repos/Alluxio/alluxio,MONOREPO_MAVEN,False,False,False,70,1926
AlmasB,FXGL,/home/camila/repos/AlmasB/FXGL,MONOREPO_MAVEN,False,False,False,13,435
AntennaPod,AntennaPod,/home/camila/repos/AntennaPod/AntennaPod,SINGLE_REPO,True,False,False,0,0
antlr,antlr4,/home/camila/repos/antlr/antlr4,MONOREPO_MAVEN,False,False,False,10,358
AnySoftKeyboard,AnySoftKeyboard,/home/camila/repos/AnySoftKeyboard/AnySoftKeyboard,SINGLE_REPO,True,False,False,0,0
apache,rocketmq,/home/camila/repos/apache/rocketmq,MONOREPO_MAVEN,False,False,False,20,420
apache,hudi,/home/camila/repos/apache/hudi,MONOREPO_MAVEN,False,False,False,81,962
apache,iceberg,/home/camila/repos/apache/iceberg,SINGLE_REPO,True,False,False,0,0
apache,servicecomb-pack,/home/camila/repos/apache/servicecomb-pack,MONOREPO_MAVEN,False,False,False,72,390
apache,shiro,/home/camila/repos/apache/shiro,MONOREPO_MAVEN,False,False,False,62,1563
apache,opennlp,/home/camila/repos/apache/opennlp,MONOREPO_MAVEN,False,False,False,10,447
apache,zookeeper,/home/camila/repos/apache/zookeeper,MULTIPROJETOS,False,False,False,0,0
apache,avro,/home/camila/repos/apache/avro,MULTIPROJETOS,False,False,False,28,1
apache,shardingsphere-elasticjob,/home/camila/repos/apache/shardingsphere-elasticjob,MONOREPO_MAVEN,False,False,False,41,270
apache,bookkeeper,/home/camila/repos/apache/bookkeeper,DESCONHECIDO,False,False,False,0,0
apache,curator,/home/camila/repos/apache/curator,MONOREPO_MAVEN,False,False,False,13,555
apache,netbeans,/home/camila/repos/apache/netbeans,MULTIPROJETOS,False,False,False,59,21
apache,nutch,/home/camila/repos/apache/nutch,DESCONHECIDO,False,False,False,0,0
apache,servicecomb-java-chassis,/home/camila/repos/apache/servicecomb-java-chassis,MONOREPO_MAVEN,False,False,False,180,1295
apache,httpcomponents-client,/home/camila/repos/apache/httpcomponents-client,MONOREPO_MAVEN,False,False,False,5,552
apache,calcite,/home/camila/repos/apache/calcite,SINGLE_REPO,True,False,False,0,0
apache,dubbo,/home/camila/repos/apache/dubbo,MONOREPO_MAVEN,False,False,False,130,1928
apache,drill,/home/camila/repos/apache/drill,MONOREPO_MAVEN,False,False,False,60,993
apache,pulsar,/home/camila/repos/apache/pulsar,SINGLE_REPO,False,False,False,133,2342
apache,zeppelin,/home/camila/repos/apache/zeppelin,MONOREPO_MAVEN,False,False,False,74,1248
apache,iotdb,/home/camila/repos/apache/iotdb,MONOREPO_MAVEN,False,False,False,48,1162
apache,skywalking,/home/camila/repos/apache/skywalking,MONOREPO_MAVEN,False,False,False,98,626
apache,tika,/home/camila/repos/apache/tika,MONOREPO_MAVEN,False,False,False,113,3434
apache,nifi,/home/camila/repos/apache/nifi,MONOREPO_MAVEN,False,False,False,813,3518
apache,commons-lang,/home/camila/repos/apache/commons-lang,SINGLE_REPO,False,False,False,1,728
apache,gobblin,/home/camila/repos/apache/gobblin,SINGLE_REPO,True,False,False,0,0
apache,struts,/home/camila/repos/apache/struts,MONOREPO_MAVEN,False,False,False,39,1669
apache,kafka,/home/camila/repos/apache/kafka,SINGLE_REPO,True,False,False,3,192
apache,geode,/home/camila/repos/apache/geode,SINGLE_REPO,True,False,False,0,0
apache,pdfbox,/home/camila/repos/apache/pdfbox,MONOREPO_MAVEN,False,False,False,14,1401
apache,storm,/home/camila/repos/apache/storm,MONOREPO_MAVEN,False,False,False,61,1365
apache,activemq,/home/camila/repos/apache/activemq,MONOREPO_MAVEN,False,False,False,55,2771
apache,maven,/home/camila/repos/apache/maven,MONOREPO_MAVEN,False,False,False,343,2502
apache,poi,/home/camila/repos/apache/poi,SINGLE_REPO,True,False,False,1,56
apache,logging-log4j2,/home/camila/repos/apache/logging-log4j2,DESCONHECIDO,False,False,False,0,0
apache,hive,/home/camila/repos/apache/hive,DESCONHECIDO,False,False,False,0,0
apache,groovy,/home/camila/repos/apache/groovy,SINGLE_REPO,True,False,False,0,0
apache,jmeter,/home/camila/repos/apache/jmeter,SINGLE_REPO,True,False,False,0,0
apache,tinkerpop,/home/camila/repos/apache/tinkerpop,MONOREPO_MAVEN,False,False,False,28,1202
apache,flink,/home/camila/repos/apache/flink,MONOREPO_MAVEN,False,False,False,182,3215
apache,tomcat,/home/camila/repos/apache/tomcat,MULTIPROJETOS,False,False,False,4,164
apache,hadoop,/home/camila/repos/apache/hadoop,MONOREPO_MAVEN,False,False,False,50,3710
apache,beam,/home/camila/repos/apache/beam,SINGLE_REPO,True,False,False,7,206
apache,ambari,/home/camila/repos/apache/ambari,SINGLE_REPO,False,False,False,45,1404
apache,camel,/home/camila/repos/apache/camel,DESCONHECIDO,False,False,False,0,0
apereo,cas,/home/camila/repos/apereo/cas,SINGLE_REPO,False,False,False,1,1300
asciidocfx,AsciidocFX,/home/camila/repos/asciidocfx/AsciidocFX,SINGLE_REPO,False,False,False,1,226
AsyncHttpClient,async-http-client,/home/camila/repos/AsyncHttpClient/async-http-client,MONOREPO_MAVEN,False,False,False,2,1160
Athou,commafeed,/home/camila/repos/Athou/commafeed,MONOREPO_MAVEN,False,False,False,3,538
Atmosphere,atmosphere,/home/camila/repos/Atmosphere/atmosphere,MONOREPO_MAVEN,False,False,False,6,1139
Automattic,simplenote-android,/home/camila/repos/Automattic/simplenote-android,SINGLE_REPO,True,False,False,0,0
aws,aws-sdk-java,/home/camila/repos/aws/aws-sdk-java,MONOREPO_MAVEN,False,False,False,386,4000
aws,aws-sdk-java-v2,/home/camila/repos/aws/aws-sdk-java-v2,MONOREPO_MAVEN,False,False,False,487,4291
AxonFramework,AxonFramework,/home/camila/repos/AxonFramework/AxonFramework,MONOREPO_MAVEN,False,False,False,28,1657
azkaban,azkaban,/home/camila/repos/azkaban/azkaban,SINGLE_REPO,True,False,False,0,0
bazelbuild,bazel,/home/camila/repos/bazelbuild/bazel,MULTIPROJETOS,False,False,False,1,1
bcgit,bc-java,/home/camila/repos/bcgit/bc-java,SINGLE_REPO,True,False,False,0,0
ben-manes,caffeine,/home/camila/repos/ben-manes/caffeine,SINGLE_REPO,True,False,False,0,0
bisq-network,bisq,/home/camila/repos/bisq-network/bisq,SINGLE_REPO,True,False,False,0,0
bitcoin-wallet,bitcoin-wallet,/home/camila/repos/bitcoin-wallet/bitcoin-wallet,SINGLE_REPO,True,False,False,0,0
bitcoinj,bitcoinj,/home/camila/repos/bitcoinj/bitcoinj,SINGLE_REPO,True,False,False,0,0
Blankj,AndroidUtilCode,/home/camila/repos/Blankj/AndroidUtilCode,SINGLE_REPO,False,False,False,0,0
bonigarcia,webdrivermanager,/home/camila/repos/bonigarcia/webdrivermanager,SINGLE_REPO,False,False,False,1,802
bootique,bootique,/home/camila/repos/bootique/bootique,MONOREPO_MAVEN,False,False,False,9,260
brettwooldridge,HikariCP,/home/camila/repos/brettwooldridge/HikariCP,SINGLE_REPO,False,False,False,1,449
broadinstitute,gatk,/home/camila/repos/broadinstitute/gatk,SINGLE_REPO,False,False,False,0,0
BroadleafCommerce,BroadleafCommerce,/home/camila/repos/BroadleafCommerce/BroadleafCommerce,MONOREPO_MAVEN,False,False,False,13,2264
BuildCraft,BuildCraft,/home/camila/repos/BuildCraft/BuildCraft,SINGLE_REPO,False,False,False,0,0
bumptech,glide,/home/camila/repos/bumptech/glide,SINGLE_REPO,True,False,False,0,0
bytedeco,javacpp-presets,/home/camila/repos/bytedeco/javacpp-presets,SINGLE_REPO,False,False,False,202,830
cabaletta,baritone,/home/camila/repos/cabaletta/baritone,SINGLE_REPO,True,False,False,0,0
camunda,camunda-bpm-platform,/home/camila/repos/camunda/camunda-bpm-platform,SINGLE_REPO,False,False,False,180,4206
CellularPrivacy,Android-IMSI-Catcher-Detector,/home/camila/repos/CellularPrivacy/Android-IMSI-Catcher-Detector,SINGLE_REPO,True,False,False,0,0
cgeo,cgeo,/home/camila/repos/cgeo/cgeo,SINGLE_REPO,True,False,False,0,0
checkstyle,checkstyle,/home/camila/repos/checkstyle/checkstyle,SINGLE_REPO,False,False,False,1,2689
classgraph,classgraph,/home/camila/repos/classgraph/classgraph,SINGLE_REPO,False,False,False,1,1454
clojure,clojure,/home/camila/repos/clojure/clojure,SINGLE_REPO,False,False,False,1,393
cloudfoundry,uaa,/home/camila/repos/cloudfoundry/uaa,SINGLE_REPO,True,False,False,0,0
codecentric,spring-boot-admin,/home/camila/repos/codecentric/spring-boot-admin,MONOREPO_MAVEN,False,False,False,20,797
Col-E,Recaf,/home/camila/repos/Col-E/Recaf,SINGLE_REPO,True,False,False,0,0
confluentinc,kafka-rest,/home/camila/repos/confluentinc/kafka-rest,MONOREPO_MAVEN,False,False,False,2,5840
confluentinc,schema-registry,/home/camila/repos/confluentinc/schema-registry,MONOREPO_MAVEN,False,False,False,34,4701
confluentinc,ksql,/home/camila/repos/confluentinc/ksql,MONOREPO_MAVEN,False,False,False,36,20359
connectbot,connectbot,/home/camila/repos/connectbot/connectbot,SINGLE_REPO,True,False,False,0,0
crate,crate,/home/camila/repos/crate/crate,MONOREPO_MAVEN,False,False,False,24,202
cryptomator,cryptomator,/home/camila/repos/cryptomator/cryptomator,SINGLE_REPO,False,False,False,1,306
cSploit,android,/home/camila/repos/cSploit/android,SINGLE_REPO,True,False,False,0,0
cuba-platform,cuba,/home/camila/repos/cuba-platform/cuba,SINGLE_REPO,True,False,False,0,0
cucumber,cucumber-jvm,/home/camila/repos/cucumber/cucumber-jvm,MONOREPO_MAVEN,False,False,False,37,1513
danfickle,openhtmltopdf,/home/camila/repos/danfickle/openhtmltopdf,MONOREPO_MAVEN,False,False,False,13,207
dbeaver,dbeaver,/home/camila/repos/dbeaver/dbeaver,MONOREPO_MAVEN,False,False,False,185,1396
debezium,debezium,/home/camila/repos/debezium/debezium,MONOREPO_MAVEN,False,False,False,51,2197
diffplug,spotless,/home/camila/repos/diffplug/spotless,SINGLE_REPO,True,False,False,0,0
docker-java,docker-java,/home/camila/repos/docker-java/docker-java,MONOREPO_MAVEN,False,False,False,12,386
dreamhead,moco,/home/camila/repos/dreamhead/moco,SINGLE_REPO,True,False,False,0,0
drewnoakes,metadata-extractor,/home/camila/repos/drewnoakes/metadata-extractor,SINGLE_REPO,False,False,False,1,76
dropwizard,metrics,/home/camila/repos/dropwizard/metrics,MONOREPO_MAVEN,False,False,False,39,2438
dropwizard,dropwizard,/home/camila/repos/dropwizard/dropwizard,MONOREPO_MAVEN,False,False,False,42,5269
ebean-orm,ebean,/home/camila/repos/ebean-orm/ebean,MONOREPO_MAVEN,False,False,False,50,1839
eclipse,eclipse-collections,/home/camila/repos/eclipse/eclipse-collections,MONOREPO_MAVEN,False,False,False,23,290
eclipse-vertx,vert.x,/home/camila/repos/eclipse-vertx/vert.x,MONOREPO_MAVEN,False,False,False,3,578
ehcache,ehcache3,/home/camila/repos/ehcache/ehcache3,SINGLE_REPO,True,False,False,0,0
elastic,elasticsearch-hadoop,/home/camila/repos/elastic/elasticsearch-hadoop,SINGLE_REPO,True,False,False,0,0
elastic,elasticsearch,/home/camila/repos/elastic/elasticsearch,SINGLE_REPO,False,False,False,0,0
embulk,embulk,/home/camila/repos/embulk/embulk,SINGLE_REPO,True,False,False,0,0
EngineHub,WorldEdit,/home/camila/repos/EngineHub/WorldEdit,SINGLE_REPO,True,False,False,0,0
ervandew,eclim,/home/camila/repos/ervandew/eclim,DESCONHECIDO,False,False,False,0,0
Etar-Group,Etar-Calendar,/home/camila/repos/Etar-Group/Etar-Calendar,SINGLE_REPO,True,False,False,0,0
fabric8io,docker-maven-plugin,/home/camila/repos/fabric8io/docker-maven-plugin,SINGLE_REPO,False,False,False,61,830
fabric8io,kubernetes-client,/home/camila/repos/fabric8io/kubernetes-client,MONOREPO_MAVEN,False,False,False,182,2413
facebook,fresco,/home/camila/repos/facebook/fresco,SINGLE_REPO,True,False,False,1,1
facebook,litho,/home/camila/repos/facebook/litho,DESCONHECIDO,False,False,False,0,0
FasterXML,jackson-core,/home/camila/repos/FasterXML/jackson-core,SINGLE_REPO,False,False,False,1,700
FasterXML,jackson-databind,/home/camila/repos/FasterXML/jackson-databind,SINGLE_REPO,False,False,False,1,977
federicoiosue,Omni-Notes,/home/camila/repos/federicoiosue/Omni-Notes,SINGLE_REPO,True,False,False,0,0
firebase,firebase-android-sdk,/home/camila/repos/firebase/firebase-android-sdk,SINGLE_REPO,True,False,False,0,0
flowable,flowable-engine,/home/camila/repos/flowable/flowable-engine,MONOREPO_MAVEN,False,False,False,135,1938
flutter,flutter-intellij,/home/camila/repos/flutter/flutter-intellij,SINGLE_REPO,True,False,False,0,0
flyingsaucerproject,flyingsaucer,/home/camila/repos/flyingsaucerproject/flyingsaucer,MONOREPO_MAVEN,False,False,False,9,270
flyway,flyway,/home/camila/repos/flyway/flyway,MONOREPO_MAVEN,False,False,False,32,746
fossasia,pslab-android,/home/camila/repos/fossasia/pslab-android,DESCONHECIDO,False,False,False,0,0
geoserver,geoserver,/home/camila/repos/geoserver/geoserver,MULTIPROJETOS,False,False,False,284,2856
geotools,geotools,/home/camila/repos/geotools/geotools,MONOREPO_MAVEN,False,False,False,177,1883
gephi,gephi,/home/camila/repos/gephi/gephi,MONOREPO_MAVEN,False,False,False,66,548
GeyserMC,Geyser,/home/camila/repos/GeyserMC/Geyser,SINGLE_REPO,True,False,False,0,0
gocd,gocd,/home/camila/repos/gocd/gocd,SINGLE_REPO,True,False,False,0,0
google,auto,/home/camila/repos/google/auto,MULTIPROJETOS,False,False,False,11,742
google,truth,/home/camila/repos/google/truth,MONOREPO_MAVEN,False,False,False,7,516
google,gson,/home/camila/repos/google/gson,MONOREPO_MAVEN,False,False,False,8,606
google,guice,/home/camila/repos/google/guice,MONOREPO_MAVEN,False,False,False,16,199
google,copybara,/home/camila/repos/google/copybara,DESCONHECIDO,False,False,False,0,0
google,nomulus,/home/camila/repos/google/nomulus,SINGLE_REPO,True,False,False,0,0
google,error-prone,/home/camila/repos/google/error-prone,MONOREPO_MAVEN,False,False,False,10,506
google,j2objc,/home/camila/repos/google/j2objc,MULTIPROJETOS,False,False,False,2,102
google,guava,/home/camila/repos/google/guava,MONOREPO_MAVEN,False,False,False,14,468
google,closure-compiler,/home/camila/repos/google/closure-compiler,SINGLE_REPO,False,False,False,0,0
googleapis,google-http-java-client,/home/camila/repos/googleapis/google-http-java-client,MONOREPO_MAVEN,False,False,False,21,905
googleapis,google-api-java-client,/home/camila/repos/googleapis/google-api-java-client,MONOREPO_MAVEN,False,False,False,16,1125
googleapis,google-cloud-java,/home/camila/repos/googleapis/google-cloud-java,MONOREPO_MAVEN,False,False,False,1201,28146
GoogleContainerTools,jib,/home/camila/repos/GoogleContainerTools/jib,SINGLE_REPO,True,False,False,21,95
graphhopper,jsprit,/home/camila/repos/graphhopper/jsprit,MONOREPO_MAVEN,False,False,False,3,175
graphhopper,graphhopper,/home/camila/repos/graphhopper/graphhopper,MONOREPO_MAVEN,False,False,False,11,642
graphql-java,graphql-java,/home/camila/repos/graphql-java/graphql-java,SINGLE_REPO,True,False,False,0,0
Graylog2,graylog2-server,/home/camila/repos/Graylog2/graylog2-server,MONOREPO_MAVEN,False,False,False,12,2864
grpc,grpc-java,/home/camila/repos/grpc/grpc-java,SINGLE_REPO,True,False,False,8,546
gsantner,markor,/home/camila/repos/gsantner/markor,SINGLE_REPO,True,False,False,0,0
haifengl,smile,/home/camila/repos/haifengl/smile,MULTIPROJETOS,False,False,False,0,0
hapifhir,hapi-fhir,/home/camila/repos/hapifhir/hapi-fhir,MONOREPO_MAVEN,False,False,False,80,2192
haraldk,TwelveMonkeys,/home/camila/repos/haraldk/TwelveMonkeys,MONOREPO_MAVEN,False,False,False,34,375
hawtio,hawtio,/home/camila/repos/hawtio/hawtio,MONOREPO_MAVEN,False,False,False,33,1669
hcoles,pitest,/home/camila/repos/hcoles/pitest,MONOREPO_MAVEN,False,False,False,44,466
hneemann,Digital,/home/camila/repos/hneemann/Digital,SINGLE_REPO,False,False,False,1,64
i2p,i2p.i2p,/home/camila/repos/i2p/i2p.i2p,SINGLE_REPO,True,False,False,0,0
iBotPeaches,Apktool,/home/camila/repos/iBotPeaches/Apktool,SINGLE_REPO,True,False,False,0,0
igniterealtime,Smack,/home/camila/repos/igniterealtime/Smack,SINGLE_REPO,True,False,False,0,0
igniterealtime,Openfire,/home/camila/repos/igniterealtime/Openfire,MONOREPO_MAVEN,False,False,False,8,402
iluwatar,java-design-patterns,/home/camila/repos/iluwatar/java-design-patterns,MONOREPO_MAVEN,False,False,False,171,668
immutables,immutables,/home/camila/repos/immutables/immutables,MONOREPO_MAVEN,False,False,False,33,582
INRIA,spoon,/home/camila/repos/INRIA/spoon,SINGLE_REPO,False,False,False,35,826
internetarchive,heritrix3,/home/camila/repos/internetarchive/heritrix3,MONOREPO_MAVEN,False,False,False,5,225
iterate-ch,cyberduck,/home/camila/repos/iterate-ch/cyberduck,MONOREPO_MAVEN,False,False,False,58,2454
itext,itextpdf,/home/camila/repos/itext/itextpdf,MONOREPO_MAVEN,False,False,False,5,242
JabRef,jabref,/home/camila/repos/JabRef/jabref,SINGLE_REPO,False,False,False,0,0
jacoco,jacoco,/home/camila/repos/jacoco/jacoco,MONOREPO_MAVEN,False,False,False,71,481
jankotek,mapdb,/home/camila/repos/jankotek/mapdb,SINGLE_REPO,False,False,False,1,352
JanusGraph,janusgraph,/home/camila/repos/JanusGraph/janusgraph,MONOREPO_MAVEN,False,False,False,31,1519
java-json-tools,json-schema-validator,/home/camila/repos/java-json-tools/json-schema-validator,SINGLE_REPO,False,False,False,0,0
java-native-access,jna,/home/camila/repos/java-native-access/jna,DESCONHECIDO,False,False,False,0,0
javamelody,javamelody,/home/camila/repos/javamelody/javamelody,MONOREPO_MAVEN,False,False,False,11,711
javaparser,javaparser,/home/camila/repos/javaparser/javaparser,MONOREPO_MAVEN,False,False,False,9,1017
jdbi,jdbi,/home/camila/repos/jdbi/jdbi,MONOREPO_MAVEN,False,False,False,41,1130
jenkinsci,gitlab-plugin,/home/camila/repos/jenkinsci/gitlab-plugin,SINGLE_REPO,False,False,False,1,644
jenkinsci,kubernetes-plugin,/home/camila/repos/jenkinsci/kubernetes-plugin,SINGLE_REPO,False,False,False,1,906
jenkinsci,blueocean-plugin,/home/camila/repos/jenkinsci/blueocean-plugin,MONOREPO_MAVEN,False,False,False,28,1053
jenkinsci,jenkins,/home/camila/repos/jenkinsci/jenkins,MONOREPO_MAVEN,False,False,False,9,6195
jeremylong,DependencyCheck,/home/camila/repos/jeremylong/DependencyCheck,MONOREPO_MAVEN,False,False,False,69,1618
JetBrains,intellij-plugins,/home/camila/repos/JetBrains/intellij-plugins,MULTIPROJETOS,False,False,False,9,3
jhy,jsoup,/home/camila/repos/jhy/jsoup,SINGLE_REPO,False,False,False,1,402
jindrapetrik,jpexs-decompiler,/home/camila/repos/jindrapetrik/jpexs-decompiler,MULTIPROJETOS,False,False,False,2,4
jitsi,jitsi,/home/camila/repos/jitsi/jitsi,MONOREPO_MAVEN,False,False,False,107,78
jMonkeyEngine,jmonkeyengine,/home/camila/repos/jMonkeyEngine/jmonkeyengine,SINGLE_REPO,True,False,False,0,0
JodaOrg,joda-time,/home/camila/repos/JodaOrg/joda-time,SINGLE_REPO,False,False,False,1,261
jooby-project,jooby,/home/camila/repos/jooby-project/jooby,MONOREPO_MAVEN,False,False,False,64,2320
journeyapps,zxing-android-embedded,/home/camila/repos/journeyapps/zxing-android-embedded,SINGLE_REPO,True,False,False,0,0
JSQLParser,JSqlParser,/home/camila/repos/JSQLParser/JSqlParser,SINGLE_REPO,False,False,False,1,238
jtablesaw,tablesaw,/home/camila/repos/jtablesaw/tablesaw,MONOREPO_MAVEN,False,False,False,11,385
junit-team,junit4,/home/camila/repos/junit-team/junit4,SINGLE_REPO,False,False,False,1,141
junit-team,junit5,/home/camila/repos/junit-team/junit5,SINGLE_REPO,True,False,False,6,35
kalessil,phpinspectionsea,/home/camila/repos/kalessil/phpinspectionsea,SINGLE_REPO,False,False,False,0,0
kermitt2,grobid,/home/camila/repos/kermitt2/grobid,SINGLE_REPO,True,False,False,0,0
keycloak,keycloak,/home/camila/repos/keycloak/keycloak,MONOREPO_MAVEN,False,False,False,126,2424
kiegroup,jbpm,/home/camila/repos/kiegroup/jbpm,MONOREPO_MAVEN,False,False,False,83,1255
killbill,killbill,/home/camila/repos/killbill/killbill,MONOREPO_MAVEN,False,False,False,19,1650
knowm,XChart,/home/camila/repos/knowm/XChart,MONOREPO_MAVEN,False,False,False,3,377
knowm,XChange,/home/camila/repos/knowm/XChange,MONOREPO_MAVEN,False,False,False,120,1631
Kong,unirest-java,/home/camila/repos/Kong/unirest-java,MONOREPO_MAVEN,False,False,False,8,774
konsoletyper,teavm,/home/camila/repos/konsoletyper/teavm,SINGLE_REPO,True,False,False,1,10
kubernetes-client,java,/home/camila/repos/kubernetes-client/java,MONOREPO_MAVEN,False,False,False,19,1476
languagetool-org,languagetool,/home/camila/repos/languagetool-org/languagetool,MONOREPO_MAVEN,False,False,False,49,823
LawnchairLauncher,Lawnchair,/home/camila/repos/LawnchairLauncher/Lawnchair,SINGLE_REPO,True,False,False,0,0
libgdx,libgdx,/home/camila/repos/libgdx/libgdx,SINGLE_REPO,True,False,False,0,0
LibrePDF,OpenPDF,/home/camila/repos/LibrePDF/OpenPDF,MONOREPO_MAVEN,False,False,False,5,568
line,armeria,/home/camila/repos/line/armeria,SINGLE_REPO,False,False,False,1,1
linkedin,rest.li,/home/camila/repos/linkedin/rest.li,SINGLE_REPO,True,False,False,0,0
linkedin,ambry,/home/camila/repos/linkedin/ambry,SINGLE_REPO,True,False,False,0,0
liquibase,liquibase,/home/camila/repos/liquibase/liquibase,MONOREPO_MAVEN,False,False,False,12,1540
lukas-krecan,ShedLock,/home/camila/repos/lukas-krecan/ShedLock,MONOREPO_MAVEN,False,False,False,48,1782
LWJGL,lwjgl3,/home/camila/repos/LWJGL/lwjgl3,SINGLE_REPO,False,False,False,1,4
M66B,NetGuard,/home/camila/repos/M66B/NetGuard,SINGLE_REPO,True,False,False,0,0
mabe02,lanterna,/home/camila/repos/mabe02/lanterna,SINGLE_REPO,False,False,False,2,146
magefree,mage,/home/camila/repos/magefree/mage,MONOREPO_MAVEN,False,False,False,40,408
manifold-systems,manifold,/home/camila/repos/manifold-systems/manifold,MONOREPO_MAVEN,False,False,False,74,851
mapstruct,mapstruct,/home/camila/repos/mapstruct/mapstruct,MONOREPO_MAVEN,False,False,False,56,320
material-components,material-components-android,/home/camila/repos/material-components/material-components-android,SINGLE_REPO,True,False,False,0,0
mendhak,gpslogger,/home/camila/repos/mendhak/gpslogger,SINGLE_REPO,True,False,False,0,0
micrometer-metrics,micrometer,/home/camila/repos/micrometer-metrics/micrometer,SINGLE_REPO,True,False,False,0,0
micronaut-projects,micronaut-core,/home/camila/repos/micronaut-projects/micronaut-core,SINGLE_REPO,True,False,False,0,0
MinecraftForge,MinecraftForge,/home/camila/repos/MinecraftForge/MinecraftForge,SINGLE_REPO,True,False,False,1,2
mitreid-connect,OpenID-Connect-Java-Spring-Server,/home/camila/repos/mitreid-connect/OpenID-Connect-Java-Spring-Server,MONOREPO_MAVEN,False,False,False,7,322
mock-server,mockserver,/home/camila/repos/mock-server/mockserver,MONOREPO_MAVEN,False,False,False,15,983
mockito,mockito,/home/camila/repos/mockito/mockito,SINGLE_REPO,True,False,False,0,0
mongodb,mongo-java-driver,/home/camila/repos/mongodb/mongo-java-driver,SINGLE_REPO,True,False,False,0,0
moquette-io,moquette,/home/camila/repos/moquette-io/moquette,MONOREPO_MAVEN,False,False,False,4,172
MorphiaOrg,morphia,/home/camila/repos/MorphiaOrg/morphia,MONOREPO_MAVEN,False,False,False,8,1577
MovingBlocks,Terasology,/home/camila/repos/MovingBlocks/Terasology,SINGLE_REPO,True,False,False,0,0
mplushnikov,lombok-intellij-plugin,/home/camila/repos/mplushnikov/lombok-intellij-plugin,DESCONHECIDO,False,False,False,0,0
msgpack,msgpack-java,/home/camila/repos/msgpack/msgpack-java,DESCONHECIDO,False,False,False,0,0
NationalSecurityAgency,ghidra,/home/camila/repos/NationalSecurityAgency/ghidra,SINGLE_REPO,False,False,False,0,0
naver,ngrinder,/home/camila/repos/naver/ngrinder,SINGLE_REPO,False,False,False,0,0
Neamar,KISS,/home/camila/repos/Neamar/KISS,SINGLE_REPO,True,False,False,0,0
neo4j-contrib,neo4j-apoc-procedures,/home/camila/repos/neo4j-contrib/neo4j-apoc-procedures,SINGLE_REPO,True,False,False,1,11
Netflix,genie,/home/camila/repos/Netflix/genie,DESCONHECIDO,False,False,False,0,0
netty,netty,/home/camila/repos/netty/netty,MONOREPO_MAVEN,False,False,False,53,2592
networknt,light-4j,/home/camila/repos/networknt/light-4j,MONOREPO_MAVEN,False,False,False,86,1083
nextcloud,android,/home/camila/repos/nextcloud/android,SINGLE_REPO,True,False,False,0,0
nutzam,nutz,/home/camila/repos/nutzam/nutz,SINGLE_REPO,False,False,False,2,148
oblac,jodd,/home/camila/repos/oblac/jodd,SINGLE_REPO,True,False,False,0,0
open-keychain,open-keychain,/home/camila/repos/open-keychain/open-keychain,SINGLE_REPO,True,False,False,0,0
OpenAPITools,openapi-generator,/home/camila/repos/OpenAPITools/openapi-generator,SINGLE_REPO,False,False,False,361,1627
OpenHFT,Chronicle-Map,/home/camila/repos/OpenHFT/Chronicle-Map,SINGLE_REPO,False,False,False,2,1198
OpenHFT,Chronicle-Queue,/home/camila/repos/OpenHFT/Chronicle-Queue,SINGLE_REPO,False,False,False,1,2406
OpenRefine,OpenRefine,/home/camila/repos/OpenRefine/OpenRefine,MONOREPO_MAVEN,False,False,False,13,1091
opensourceBIM,BIMserver,/home/camila/repos/opensourceBIM/BIMserver,MONOREPO_MAVEN,False,False,False,9,760
opentripplanner,OpenTripPlanner,/home/camila/repos/opentripplanner/OpenTripPlanner,SINGLE_REPO,False,False,False,1,1069
OpenVidu,openvidu,/home/camila/repos/OpenVidu/openvidu,SINGLE_REPO,False,False,False,3,179
openzipkin,brave,/home/camila/repos/openzipkin/brave,MONOREPO_MAVEN,False,False,False,55,829
openzipkin,zipkin,/home/camila/repos/openzipkin/zipkin,MONOREPO_MAVEN,False,False,False,18,1164
oracle,opengrok,/home/camila/repos/oracle/opengrok,DESCONHECIDO,False,False,False,0,0
oracle,graal,/home/camila/repos/oracle/graal,DESCONHECIDO,False,False,False,0,0
oracle,visualvm,/home/camila/repos/oracle/visualvm,MULTIPROJETOS,False,False,False,4,14
oshi,oshi,/home/camila/repos/oshi/oshi,DESCONHECIDO,False,False,False,0,0
osmandapp,OsmAnd,/home/camila/repos/osmandapp/OsmAnd,SINGLE_REPO,True,False,False,0,0
osmdroid,osmdroid,/home/camila/repos/osmdroid/osmdroid,SINGLE_REPO,True,False,False,1,3
pac4j,pac4j,/home/camila/repos/pac4j/pac4j,DESCONHECIDO,False,False,False,0,0
pentaho,pentaho-kettle,/home/camila/repos/pentaho/pentaho-kettle,SINGLE_REPO,False,False,False,330,1457
PhilippC,keepass2android,/home/camila/repos/PhilippC/keepass2android,MULTIPROJETOS,False,False,False,0,0
PhilJay,MPAndroidChart,/home/camila/repos/PhilJay/MPAndroidChart,SINGLE_REPO,True,False,False,1,1
pinterest,secor,/home/camila/repos/pinterest/secor,SINGLE_REPO,False,False,False,1,1524
plutext,docx4j,/home/camila/repos/plutext/docx4j,MONOREPO_MAVEN,False,False,False,29,541
pmd,pmd,/home/camila/repos/pmd/pmd,MONOREPO_MAVEN,False,False,False,42,1156
pravega,pravega,/home/camila/repos/pravega/pravega,SINGLE_REPO,True,False,False,0,0
prestodb,presto,/home/camila/repos/prestodb/presto,MONOREPO_MAVEN,False,False,False,103,2946
primefaces,primefaces,/home/camila/repos/primefaces/primefaces,MONOREPO_MAVEN,False,False,False,10,1546
processing,processing,/home/camila/repos/processing/processing,DESCONHECIDO,False,False,False,0,0
psi-probe,psi-probe,/home/camila/repos/psi-probe/psi-probe,SINGLE_REPO,False,False,False,7,2975
pytorch,serve,/home/camila/repos/pytorch/serve,SINGLE_REPO,False,False,False,1,17
qos-ch,slf4j,/home/camila/repos/qos-ch/slf4j,MONOREPO_MAVEN,False,False,False,16,519
qos-ch,logback,/home/camila/repos/qos-ch/logback,MONOREPO_MAVEN,False,False,False,7,808
QuantumBadger,RedReader,/home/camila/repos/QuantumBadger/RedReader,SINGLE_REPO,True,False,False,0,0
quarkusio,quarkus,/home/camila/repos/quarkusio/quarkus,MONOREPO_MAVEN,False,False,False,1611,9029
querydsl,querydsl,/home/camila/repos/querydsl/querydsl,SINGLE_REPO,False,False,False,33,1517
questdb,questdb,/home/camila/repos/questdb/questdb,MONOREPO_MAVEN,False,False,False,6,447
raphw,byte-buddy,/home/camila/repos/raphw/byte-buddy,MONOREPO_MAVEN,False,False,False,9,1332
ratpack,ratpack,/home/camila/repos/ratpack/ratpack,MULTIPROJETOS,True,False,False,0,0
ReactiveX,RxJava,/home/camila/repos/ReactiveX/RxJava,SINGLE_REPO,False,False,False,0,0
reactor,reactor-core,/home/camila/repos/reactor/reactor-core,SINGLE_REPO,True,False,False,0,0
reactor,reactor-netty,/home/camila/repos/reactor/reactor-netty,SINGLE_REPO,True,False,False,0,0
real-logic,agrona,/home/camila/repos/real-logic/agrona,SINGLE_REPO,True,False,False,0,0
real-logic,simple-binary-encoding,/home/camila/repos/real-logic/simple-binary-encoding,SINGLE_REPO,True,False,False,0,0
real-logic,aeron,/home/camila/repos/real-logic/aeron,SINGLE_REPO,True,False,False,0,0
redisson,redisson,/home/camila/repos/redisson/redisson,MONOREPO_MAVEN,False,False,False,58,1273
remkop,picocli,/home/camila/repos/remkop/picocli,SINGLE_REPO,True,False,False,4,61
rest-assured,rest-assured,/home/camila/repos/rest-assured/rest-assured,MONOREPO_MAVEN,False,False,False,25,528
RipMeApp,ripme,/home/camila/repos/RipMeApp/ripme,SINGLE_REPO,False,False,False,1,303
RoaringBitmap,RoaringBitmap,/home/camila/repos/RoaringBitmap/RoaringBitmap,DESCONHECIDO,False,False,False,0,0
robolectric,robolectric,/home/camila/repos/robolectric/robolectric,SINGLE_REPO,True,False,False,0,0
rstudio,rstudio,/home/camila/repos/rstudio/rstudio,MULTIPROJETOS,False,False,False,0,0
runelite,runelite,/home/camila/repos/runelite/runelite,MONOREPO_MAVEN,False,False,False,6,1118
scribejava,scribejava,/home/camila/repos/scribejava/scribejava,MONOREPO_MAVEN,False,False,False,9,271
selenide,selenide,/home/camila/repos/selenide/selenide,SINGLE_REPO,True,False,False,0,0
SeleniumHQ,selenium,/home/camila/repos/SeleniumHQ/selenium,SINGLE_REPO,False,True,False,1,1
siddhi-io,siddhi,/home/camila/repos/siddhi-io/siddhi,MONOREPO_MAVEN,False,False,False,21,1240
signalapp,Signal-Android,/home/camila/repos/signalapp/Signal-Android,SINGLE_REPO,True,False,False,0,0
simpligility,android-maven-plugin,/home/camila/repos/simpligility/android-maven-plugin,SINGLE_REPO,False,False,False,39,556
skylot,jadx,/home/camila/repos/skylot/jadx,SINGLE_REPO,True,False,False,0,0
slapperwan,gh4a,/home/camila/repos/slapperwan/gh4a,SINGLE_REPO,True,False,False,0,0
sleuthkit,autopsy,/home/camila/repos/sleuthkit/autopsy,MULTIPROJETOS,False,False,False,2,5
SonarSource,sonarqube,/home/camila/repos/SonarSource/sonarqube,SINGLE_REPO,True,False,False,21,11
soot-oss,soot,/home/camila/repos/soot-oss/soot,SINGLE_REPO,False,False,False,1,192
SpigotMC,BungeeCord,/home/camila/repos/SpigotMC/BungeeCord,MONOREPO_MAVEN,False,False,False,20,355
spockframework,spock,/home/camila/repos/spockframework/spock,DESCONHECIDO,False,False,False,0,0
SpongePowered,SpongeAPI,/home/camila/repos/SpongePowered/SpongeAPI,SINGLE_REPO,False,False,False,0,0
spotbugs,spotbugs,/home/camila/repos/spotbugs/spotbugs,SINGLE_REPO,True,False,False,0,0
spring-cloud,spring-cloud-config,/home/camila/repos/spring-cloud/spring-cloud-config,MONOREPO_MAVEN,False,False,False,9,730
spring-cloud,spring-cloud-gateway,/home/camila/repos/spring-cloud/spring-cloud-gateway,MONOREPO_MAVEN,False,False,False,14,579
spring-cloud,spring-cloud-sleuth,/home/camila/repos/spring-cloud/spring-cloud-sleuth,MONOREPO_MAVEN,False,False,False,48,948
spring-cloud,spring-cloud-netflix,/home/camila/repos/spring-cloud/spring-cloud-netflix,MONOREPO_MAVEN,False,False,False,8,955
spring-io,initializr,/home/camila/repos/spring-io/initializr,MONOREPO_MAVEN,False,False,False,12,393
spring-projects,spring-kafka,/home/camila/repos/spring-projects/spring-kafka,SINGLE_REPO,True,False,False,5,16
spring-projects,spring-data-redis,/home/camila/repos/spring-projects/spring-data-redis,SINGLE_REPO,False,False,False,1,1437
spring-projects,spring-batch,/home/camila/repos/spring-projects/spring-batch,MONOREPO_MAVEN,False,False,False,8,782
spring-projects,spring-security,/home/camila/repos/spring-projects/spring-security,SINGLE_REPO,True,False,False,0,0
spring-projects,spring-integration,/home/camila/repos/spring-projects/spring-integration,SINGLE_REPO,True,False,False,0,0
spring-projects,spring-boot,/home/camila/repos/spring-projects/spring-boot,SINGLE_REPO,True,False,False,163,39
springdoc,springdoc-openapi,/home/camila/repos/springdoc/springdoc-openapi,MONOREPO_MAVEN,False,False,False,18,643
stanfordnlp,CoreNLP,/home/camila/repos/stanfordnlp/CoreNLP,SINGLE_REPO,False,False,False,3,898
strimzi,strimzi-kafka-operator,/home/camila/repos/strimzi/strimzi-kafka-operator,MONOREPO_MAVEN,False,False,False,22,792
swagger-api,swagger-core,/home/camila/repos/swagger-api/swagger-core,MONOREPO_MAVEN,False,False,False,19,729
syncthing,syncthing-android,/home/camila/repos/syncthing/syncthing-android,SINGLE_REPO,True,False,False,0,0
TEAMMATES,teammates,/home/camila/repos/TEAMMATES/teammates,SINGLE_REPO,False,False,False,0,0
TeamNewPipe,NewPipe,/home/camila/repos/TeamNewPipe/NewPipe,SINGLE_REPO,True,False,False,0,0
TechEmpower,FrameworkBenchmarks,/home/camila/repos/TechEmpower/FrameworkBenchmarks,MULTIPROJETOS,False,False,False,80,859
testcontainers,testcontainers-java,/home/camila/repos/testcontainers/testcontainers-java,SINGLE_REPO,True,False,False,0,0
theonedev,onedev,/home/camila/repos/theonedev/onedev,SINGLE_REPO,False,False,False,61,823
thingsboard,thingsboard,/home/camila/repos/thingsboard/thingsboard,MONOREPO_MAVEN,False,False,False,56,795
tlaplus,tlaplus,/home/camila/repos/tlaplus/tlaplus,MONOREPO_MAVEN,False,False,False,37,112
traccar,traccar,/home/camila/repos/traccar/traccar,SINGLE_REPO,False,False,False,0,0
trinodb,trino,/home/camila/repos/trinodb/trino,MONOREPO_MAVEN,False,False,False,113,4103
tronprotocol,java-tron,/home/camila/repos/tronprotocol/java-tron,SINGLE_REPO,True,False,False,0,0
Twitter4J,Twitter4J,/home/camila/repos/Twitter4J/Twitter4J,SINGLE_REPO,True,False,False,0,0
ukanth,afwall,/home/camila/repos/ukanth/afwall,SINGLE_REPO,True,False,False,0,0
unclebob,fitnesse,/home/camila/repos/unclebob/fitnesse,SINGLE_REPO,False,False,False,0,0
undertow-io,undertow,/home/camila/repos/undertow-io/undertow,MONOREPO_MAVEN,False,False,False,9,1058
UniversalMediaServer,UniversalMediaServer,/home/camila/repos/UniversalMediaServer/UniversalMediaServer,SINGLE_REPO,False,False,False,1,1695
vaadin,framework,/home/camila/repos/vaadin/framework,SINGLE_REPO,False,False,False,65,426
validator,validator,/home/camila/repos/validator/validator,SINGLE_REPO,False,False,False,0,0
vavr-io,vavr,/home/camila/repos/vavr-io/vavr,MONOREPO_MAVEN,False,False,False,6,246
VertaAI,modeldb,/home/camila/repos/VertaAI/modeldb,MONOREPO_MAVEN,False,False,False,6,493
vespa-engine,vespa,/home/camila/repos/vespa-engine/vespa,MONOREPO_MAVEN,False,False,False,177,3241
vigna,fastutil,/home/camila/repos/vigna/fastutil,DESCONHECIDO,False,False,False,0,0
vipshop,Saturn,/home/camila/repos/vipshop/Saturn,MONOREPO_MAVEN,False,False,False,19,143
vsch,flexmark-java,/home/camila/repos/vsch/flexmark-java,MONOREPO_MAVEN,False,False,False,60,472
webbukkit,dynmap,/home/camila/repos/webbukkit/dynmap,SINGLE_REPO,True,False,False,0,0
wildfly,wildfly,/home/camila/repos/wildfly/wildfly,MONOREPO_MAVEN,False,False,False,230,8081
winder,Universal-G-Code-Sender,/home/camila/repos/winder/Universal-G-Code-Sender,MONOREPO_MAVEN,False,False,False,28,224
xuxueli,xxl-job,/home/camila/repos/xuxueli/xxl-job,MONOREPO_MAVEN,False,False,False,6,178
yacy,yacy_search_server,/home/camila/repos/yacy/yacy_search_server,SINGLE_REPO,False,False,False,1,1
zaproxy,zaproxy,/home/camila/repos/zaproxy/zaproxy,SINGLE_REPO,True,False,False,0,0
zendesk,maxwell,/home/camila/repos/zendesk/maxwell,SINGLE_REPO,False,False,False,1,484
zxing,zxing,/home/camila/repos/zxing/zxing,MONOREPO_MAVEN,False,False,False,8,521
liferay,liferay-portal,/home/camila/repos/liferay/liferay-portal,SINGLE_REPO,False,False,False,55,3241
