owner,name,repo_path,has_root_pom,listed_modules,listed_modules_parent_ok,listed_modules_parent_bad,unlisted_children_parent_ok,coverage_listed_ok_over_listed
Activiti,Activiti,/home/camila/repos/Activiti/Activiti,True,6,6,0,0,1.000
airbnb,lottie-android,/home/camila/repos/airbnb/lottie-android,False,0,0,0,0,0.000
alibaba,spring-cloud-alibaba,/home/camila/repos/alibaba/spring-cloud-alibaba,True,5,4,1,0,0.800
alibaba,nacos,/home/camila/repos/alibaba/nacos,True,21,21,0,0,1.000
alibaba,fastjson,/home/camila/repos/alibaba/fastjson,True,0,0,0,0,0.000
aliyun,aliyun-openapi-java-sdk,/home/camila/repos/aliyun/aliyun-openapi-java-sdk,False,0,0,0,0,0.000
Alluxio,alluxio,/home/camila/repos/Alluxio/alluxio,True,15,15,0,0,1.000
AlmasB,FXGL,/home/camila/repos/AlmasB/FXGL,True,12,12,0,0,1.000
AntennaPod,AntennaPod,/home/camila/repos/AntennaPod/AntennaPod,False,0,0,0,0,0.000
antlr,antlr4,/home/camila/repos/antlr/antlr4,True,5,4,1,0,0.800
AnySoftKeyboard,AnySoftKeyboard,/home/camila/repos/AnySoftKeyboard/AnySoftKeyboard,False,0,0,0,0,0.000
apache,rocketmq,/home/camila/repos/apache/rocketmq,True,19,19,0,0,1.000
apache,hudi,/home/camila/repos/apache/hudi,True,30,16,14,2,0.533
apache,iceberg,/home/camila/repos/apache/iceberg,False,0,0,0,0,0.000
apache,servicecomb-pack,/home/camila/repos/apache/servicecomb-pack,True,8,1,7,0,0.125
apache,shiro,/home/camila/repos/apache/shiro,True,13,13,0,0,1.000
apache,opennlp,/home/camila/repos/apache/opennlp,True,9,9,0,0,1.000
apache,zookeeper,/home/camila/repos/apache/zookeeper,False,0,0,0,0,0.000
apache,avro,/home/camila/repos/apache/avro,False,0,0,0,0,0.000
apache,shardingsphere-elasticjob,/home/camila/repos/apache/shardingsphere-elasticjob,True,11,11,0,0,1.000
apache,bookkeeper,/home/camila/repos/apache/bookkeeper,False,0,0,0,0,0.000
apache,curator,/home/camila/repos/apache/curator,True,12,12,0,0,1.000
apache,netbeans,/home/camila/repos/apache/netbeans,False,0,0,0,0,0.000
apache,nutch,/home/camila/repos/apache/nutch,False,0,0,0,0,0.000
apache,servicecomb-java-chassis,/home/camila/repos/apache/servicecomb-java-chassis,True,22,2,20,0,0.091
apache,httpcomponents-client,/home/camila/repos/apache/httpcomponents-client,True,4,4,0,0,1.000
apache,calcite,/home/camila/repos/apache/calcite,False,0,0,0,0,0.000
apache,dubbo,/home/camila/repos/apache/dubbo,True,18,17,1,1,0.944
apache,drill,/home/camila/repos/apache/drill,True,8,8,0,1,1.000
apache,pulsar,/home/camila/repos/apache/pulsar,True,0,0,0,41,0.000
apache,zeppelin,/home/camila/repos/apache/zeppelin,True,39,15,24,4,0.385
apache,iotdb,/home/camila/repos/apache/iotdb,True,7,7,0,2,1.000
apache,skywalking,/home/camila/repos/apache/skywalking,True,1,1,0,4,1.000
apache,tika,/home/camila/repos/apache/tika,True,21,0,21,0,0.000
apache,nifi,/home/camila/repos/apache/nifi,True,20,20,0,0,1.000
apache,commons-lang,/home/camila/repos/apache/commons-lang,True,0,0,0,0,0.000
apache,gobblin,/home/camila/repos/apache/gobblin,False,0,0,0,0,0.000
apache,struts,/home/camila/repos/apache/struts,True,5,5,0,1,1.000
apache,kafka,/home/camila/repos/apache/kafka,False,0,0,0,0,0.000
apache,geode,/home/camila/repos/apache/geode,False,0,0,0,0,0.000
apache,pdfbox,/home/camila/repos/apache/pdfbox,True,12,0,12,0,0.000
apache,storm,/home/camila/repos/apache/storm,True,14,9,5,3,0.643
apache,activemq,/home/camila/repos/apache/activemq,True,35,35,0,0,1.000
apache,maven,/home/camila/repos/apache/maven,True,25,24,1,0,0.960
apache,poi,/home/camila/repos/apache/poi,False,0,0,0,0,0.000
apache,logging-log4j2,/home/camila/repos/apache/logging-log4j2,False,0,0,0,0,0.000
apache,hive,/home/camila/repos/apache/hive,False,0,0,0,0,0.000
apache,groovy,/home/camila/repos/apache/groovy,False,0,0,0,0,0.000
apache,jmeter,/home/camila/repos/apache/jmeter,False,0,0,0,0,0.000
apache,tinkerpop,/home/camila/repos/apache/tinkerpop,True,21,21,0,0,1.000
apache,flink,/home/camila/repos/apache/flink,True,42,41,1,1,0.976
apache,tomcat,/home/camila/repos/apache/tomcat,False,0,0,0,0,0.000
apache,hadoop,/home/camila/repos/apache/hadoop,True,11,1,10,0,0.091
apache,beam,/home/camila/repos/apache/beam,False,0,0,0,0,0.000
apache,ambari,/home/camila/repos/apache/ambari,True,0,0,0,1,0.000
apache,camel,/home/camila/repos/apache/camel,False,0,0,0,0,0.000
apereo,cas,/home/camila/repos/apereo/cas,True,0,0,0,0,0.000
asciidocfx,AsciidocFX,/home/camila/repos/asciidocfx/AsciidocFX,True,0,0,0,0,0.000
AsyncHttpClient,async-http-client,/home/camila/repos/AsyncHttpClient/async-http-client,True,1,1,0,0,1.000
Athou,commafeed,/home/camila/repos/Athou/commafeed,True,2,2,0,0,1.000
Atmosphere,atmosphere,/home/camila/repos/Atmosphere/atmosphere,True,3,2,1,0,0.667
Automattic,simplenote-android,/home/camila/repos/Automattic/simplenote-android,False,0,0,0,0,0.000
aws,aws-sdk-java,/home/camila/repos/aws/aws-sdk-java,True,385,385,0,0,1.000
aws,aws-sdk-java-v2,/home/camila/repos/aws/aws-sdk-java-v2,True,42,21,21,0,0.500
AxonFramework,AxonFramework,/home/camila/repos/AxonFramework/AxonFramework,True,16,16,0,1,1.000
azkaban,azkaban,/home/camila/repos/azkaban/azkaban,False,0,0,0,0,0.000
bazelbuild,bazel,/home/camila/repos/bazelbuild/bazel,False,0,0,0,0,0.000
bcgit,bc-java,/home/camila/repos/bcgit/bc-java,False,0,0,0,0,0.000
ben-manes,caffeine,/home/camila/repos/ben-manes/caffeine,False,0,0,0,0,0.000
bisq-network,bisq,/home/camila/repos/bisq-network/bisq,False,0,0,0,0,0.000
bitcoin-wallet,bitcoin-wallet,/home/camila/repos/bitcoin-wallet/bitcoin-wallet,False,0,0,0,0,0.000
bitcoinj,bitcoinj,/home/camila/repos/bitcoinj/bitcoinj,False,0,0,0,0,0.000
Blankj,AndroidUtilCode,/home/camila/repos/Blankj/AndroidUtilCode,False,0,0,0,0,0.000
bonigarcia,webdrivermanager,/home/camila/repos/bonigarcia/webdrivermanager,True,0,0,0,0,0.000
bootique,bootique,/home/camila/repos/bootique/bootique,True,8,8,0,0,1.000
brettwooldridge,HikariCP,/home/camila/repos/brettwooldridge/HikariCP,True,0,0,0,0,0.000
broadinstitute,gatk,/home/camila/repos/broadinstitute/gatk,False,0,0,0,0,0.000
BroadleafCommerce,BroadleafCommerce,/home/camila/repos/BroadleafCommerce/BroadleafCommerce,True,4,4,0,0,1.000
BuildCraft,BuildCraft,/home/camila/repos/BuildCraft/BuildCraft,False,0,0,0,0,0.000
bumptech,glide,/home/camila/repos/bumptech/glide,False,0,0,0,0,0.000
bytedeco,javacpp-presets,/home/camila/repos/bytedeco/javacpp-presets,True,0,0,0,32,0.000
cabaletta,baritone,/home/camila/repos/cabaletta/baritone,False,0,0,0,0,0.000
camunda,camunda-bpm-platform,/home/camila/repos/camunda/camunda-bpm-platform,True,0,0,0,2,0.000
CellularPrivacy,Android-IMSI-Catcher-Detector,/home/camila/repos/CellularPrivacy/Android-IMSI-Catcher-Detector,False,0,0,0,0,0.000
cgeo,cgeo,/home/camila/repos/cgeo/cgeo,False,0,0,0,0,0.000
checkstyle,checkstyle,/home/camila/repos/checkstyle/checkstyle,True,0,0,0,0,0.000
classgraph,classgraph,/home/camila/repos/classgraph/classgraph,True,0,0,0,0,0.000
clojure,clojure,/home/camila/repos/clojure/clojure,True,0,0,0,0,0.000
cloudfoundry,uaa,/home/camila/repos/cloudfoundry/uaa,False,0,0,0,0,0.000
codecentric,spring-boot-admin,/home/camila/repos/codecentric/spring-boot-admin,True,9,1,8,0,0.111
Col-E,Recaf,/home/camila/repos/Col-E/Recaf,False,0,0,0,0,0.000
confluentinc,kafka-rest,/home/camila/repos/confluentinc/kafka-rest,True,1,1,0,0,1.000
confluentinc,schema-registry,/home/camila/repos/confluentinc/schema-registry,True,33,33,0,0,1.000
confluentinc,ksql,/home/camila/repos/confluentinc/ksql,True,29,29,0,0,1.000
connectbot,connectbot,/home/camila/repos/connectbot/connectbot,False,0,0,0,0,0.000
crate,crate,/home/camila/repos/crate/crate,True,23,4,19,0,0.174
cryptomator,cryptomator,/home/camila/repos/cryptomator/cryptomator,True,0,0,0,0,0.000
cSploit,android,/home/camila/repos/cSploit/android,False,0,0,0,0,0.000
cuba-platform,cuba,/home/camila/repos/cuba-platform/cuba,False,0,0,0,0,0.000
cucumber,cucumber-jvm,/home/camila/repos/cucumber/cucumber-jvm,True,23,23,0,2,1.000
danfickle,openhtmltopdf,/home/camila/repos/danfickle/openhtmltopdf,True,12,12,0,0,1.000
dbeaver,dbeaver,/home/camila/repos/dbeaver/dbeaver,True,3,3,0,1,1.000
debezium,debezium,/home/camila/repos/debezium/debezium,True,30,2,28,0,0.067
diffplug,spotless,/home/camila/repos/diffplug/spotless,False,0,0,0,0,0.000
docker-java,docker-java,/home/camila/repos/docker-java/docker-java,True,11,11,0,0,1.000
dreamhead,moco,/home/camila/repos/dreamhead/moco,False,0,0,0,0,0.000
drewnoakes,metadata-extractor,/home/camila/repos/drewnoakes/metadata-extractor,True,0,0,0,0,0.000
dropwizard,metrics,/home/camila/repos/dropwizard/metrics,True,36,36,0,2,1.000
dropwizard,dropwizard,/home/camila/repos/dropwizard/dropwizard,True,34,1,33,1,0.029
ebean-orm,ebean,/home/camila/repos/ebean-orm/ebean,True,16,16,0,1,1.000
eclipse,eclipse-collections,/home/camila/repos/eclipse/eclipse-collections,True,11,11,0,6,1.000
eclipse-vertx,vert.x,/home/camila/repos/eclipse-vertx/vert.x,True,2,2,0,0,1.000
ehcache,ehcache3,/home/camila/repos/ehcache/ehcache3,False,0,0,0,0,0.000
elastic,elasticsearch-hadoop,/home/camila/repos/elastic/elasticsearch-hadoop,False,0,0,0,0,0.000
elastic,elasticsearch,/home/camila/repos/elastic/elasticsearch,False,0,0,0,0,0.000
embulk,embulk,/home/camila/repos/embulk/embulk,False,0,0,0,0,0.000
EngineHub,WorldEdit,/home/camila/repos/EngineHub/WorldEdit,False,0,0,0,0,0.000
ervandew,eclim,/home/camila/repos/ervandew/eclim,False,0,0,0,0,0.000
Etar-Group,Etar-Calendar,/home/camila/repos/Etar-Group/Etar-Calendar,False,0,0,0,0,0.000
fabric8io,docker-maven-plugin,/home/camila/repos/fabric8io/docker-maven-plugin,True,0,0,0,0,0.000
fabric8io,kubernetes-client,/home/camila/repos/fabric8io/kubernetes-client,True,23,18,5,5,0.783
facebook,fresco,/home/camila/repos/facebook/fresco,False,0,0,0,0,0.000
facebook,litho,/home/camila/repos/facebook/litho,False,0,0,0,0,0.000
FasterXML,jackson-core,/home/camila/repos/FasterXML/jackson-core,True,0,0,0,0,0.000
FasterXML,jackson-databind,/home/camila/repos/FasterXML/jackson-databind,True,0,0,0,0,0.000
federicoiosue,Omni-Notes,/home/camila/repos/federicoiosue/Omni-Notes,False,0,0,0,0,0.000
firebase,firebase-android-sdk,/home/camila/repos/firebase/firebase-android-sdk,False,0,0,0,0,0.000
flowable,flowable-engine,/home/camila/repos/flowable/flowable-engine,True,53,0,53,0,0.000
flutter,flutter-intellij,/home/camila/repos/flutter/flutter-intellij,False,0,0,0,0,0.000
flyingsaucerproject,flyingsaucer,/home/camila/repos/flyingsaucerproject/flyingsaucer,True,8,8,0,0,1.000
flyway,flyway,/home/camila/repos/flyway/flyway,True,7,7,0,0,1.000
fossasia,pslab-android,/home/camila/repos/fossasia/pslab-android,False,0,0,0,0,0.000
geoserver,geoserver,/home/camila/repos/geoserver/geoserver,False,0,0,0,0,0.000
geotools,geotools,/home/camila/repos/geotools/geotools,True,2,2,0,1,1.000
gephi,gephi,/home/camila/repos/gephi/gephi,True,65,0,65,0,0.000
GeyserMC,Geyser,/home/camila/repos/GeyserMC/Geyser,False,0,0,0,0,0.000
gocd,gocd,/home/camila/repos/gocd/gocd,False,0,0,0,0,0.000
google,auto,/home/camila/repos/google/auto,False,0,0,0,0,0.000
google,truth,/home/camila/repos/google/truth,True,2,2,0,0,1.000
google,gson,/home/camila/repos/google/gson,True,7,7,0,0,1.000
google,guice,/home/camila/repos/google/guice,True,3,3,0,0,1.000
google,copybara,/home/camila/repos/google/copybara,False,0,0,0,0,0.000
google,nomulus,/home/camila/repos/google/nomulus,False,0,0,0,0,0.000
google,error-prone,/home/camila/repos/google/error-prone,True,9,9,0,0,1.000
google,j2objc,/home/camila/repos/google/j2objc,False,0,0,0,0,0.000
google,guava,/home/camila/repos/google/guava,True,5,4,1,0,0.800
google,closure-compiler,/home/camila/repos/google/closure-compiler,False,0,0,0,0,0.000
googleapis,google-http-java-client,/home/camila/repos/googleapis/google-http-java-client,True,14,12,2,0,0.857
googleapis,google-api-java-client,/home/camila/repos/googleapis/google-api-java-client,True,11,10,1,0,0.909
googleapis,google-cloud-java,/home/camila/repos/googleapis/google-cloud-java,True,204,0,204,0,0.000
GoogleContainerTools,jib,/home/camila/repos/GoogleContainerTools/jib,False,0,0,0,0,0.000
graphhopper,jsprit,/home/camila/repos/graphhopper/jsprit,True,2,2,0,0,1.000
graphhopper,graphhopper,/home/camila/repos/graphhopper/graphhopper,True,10,10,0,0,1.000
graphql-java,graphql-java,/home/camila/repos/graphql-java/graphql-java,False,0,0,0,0,0.000
Graylog2,graylog2-server,/home/camila/repos/Graylog2/graylog2-server,True,6,3,3,0,0.500
grpc,grpc-java,/home/camila/repos/grpc/grpc-java,False,0,0,0,0,0.000
gsantner,markor,/home/camila/repos/gsantner/markor,False,0,0,0,0,0.000
haifengl,smile,/home/camila/repos/haifengl/smile,False,0,0,0,0,0.000
hapifhir,hapi-fhir,/home/camila/repos/hapifhir/hapi-fhir,True,64,9,55,0,0.141
haraldk,TwelveMonkeys,/home/camila/repos/haraldk/TwelveMonkeys,True,5,5,0,0,1.000
hawtio,hawtio,/home/camila/repos/hawtio/hawtio,True,18,8,10,1,0.444
hcoles,pitest,/home/camila/repos/hcoles/pitest,True,8,8,0,4,1.000
hneemann,Digital,/home/camila/repos/hneemann/Digital,True,0,0,0,0,0.000
i2p,i2p.i2p,/home/camila/repos/i2p/i2p.i2p,False,0,0,0,0,0.000
iBotPeaches,Apktool,/home/camila/repos/iBotPeaches/Apktool,False,0,0,0,0,0.000
igniterealtime,Smack,/home/camila/repos/igniterealtime/Smack,False,0,0,0,0,0.000
igniterealtime,Openfire,/home/camila/repos/igniterealtime/Openfire,True,5,4,1,0,0.800
iluwatar,java-design-patterns,/home/camila/repos/iluwatar/java-design-patterns,True,159,159,0,0,1.000
immutables,immutables,/home/camila/repos/immutables/immutables,True,24,24,0,0,1.000
INRIA,spoon,/home/camila/repos/INRIA/spoon,True,0,0,0,0,0.000
internetarchive,heritrix3,/home/camila/repos/internetarchive/heritrix3,True,5,5,0,0,1.000
iterate-ch,cyberduck,/home/camila/repos/iterate-ch/cyberduck,True,55,43,12,0,0.782
itext,itextpdf,/home/camila/repos/itext/itextpdf,True,4,0,4,0,0.000
JabRef,jabref,/home/camila/repos/JabRef/jabref,False,0,0,0,0,0.000
jacoco,jacoco,/home/camila/repos/jacoco/jacoco,True,1,0,1,0,0.000
jankotek,mapdb,/home/camila/repos/jankotek/mapdb,True,0,0,0,0,0.000
JanusGraph,janusgraph,/home/camila/repos/JanusGraph/janusgraph,True,24,24,0,0,1.000
java-json-tools,json-schema-validator,/home/camila/repos/java-json-tools/json-schema-validator,False,0,0,0,0,0.000
java-native-access,jna,/home/camila/repos/java-native-access/jna,False,0,0,0,0,0.000
javamelody,javamelody,/home/camila/repos/javamelody/javamelody,True,9,2,7,0,0.222
javaparser,javaparser,/home/camila/repos/javaparser/javaparser,True,8,8,0,0,1.000
jdbi,jdbi,/home/camila/repos/jdbi/jdbi,True,32,31,1,1,0.969
jenkinsci,gitlab-plugin,/home/camila/repos/jenkinsci/gitlab-plugin,True,0,0,0,0,0.000
jenkinsci,kubernetes-plugin,/home/camila/repos/jenkinsci/kubernetes-plugin,True,0,0,0,0,0.000
jenkinsci,blueocean-plugin,/home/camila/repos/jenkinsci/blueocean-plugin,True,21,21,0,0,1.000
jenkinsci,jenkins,/home/camila/repos/jenkinsci/jenkins,True,8,6,2,0,0.750
jeremylong,DependencyCheck,/home/camila/repos/jeremylong/DependencyCheck,True,6,6,0,0,1.000
JetBrains,intellij-plugins,/home/camila/repos/JetBrains/intellij-plugins,False,0,0,0,0,0.000
jhy,jsoup,/home/camila/repos/jhy/jsoup,True,0,0,0,0,0.000
jindrapetrik,jpexs-decompiler,/home/camila/repos/jindrapetrik/jpexs-decompiler,False,0,0,0,0,0.000
jitsi,jitsi,/home/camila/repos/jitsi/jitsi,True,6,0,6,0,0.000
jMonkeyEngine,jmonkeyengine,/home/camila/repos/jMonkeyEngine/jmonkeyengine,False,0,0,0,0,0.000
JodaOrg,joda-time,/home/camila/repos/JodaOrg/joda-time,True,0,0,0,0,0.000
jooby-project,jooby,/home/camila/repos/jooby-project/jooby,True,3,3,0,0,1.000
journeyapps,zxing-android-embedded,/home/camila/repos/journeyapps/zxing-android-embedded,False,0,0,0,0,0.000
JSQLParser,JSqlParser,/home/camila/repos/JSQLParser/JSqlParser,True,0,0,0,0,0.000
jtablesaw,tablesaw,/home/camila/repos/jtablesaw/tablesaw,True,10,10,0,0,1.000
junit-team,junit4,/home/camila/repos/junit-team/junit4,True,0,0,0,0,0.000
junit-team,junit5,/home/camila/repos/junit-team/junit5,False,0,0,0,0,0.000
kalessil,phpinspectionsea,/home/camila/repos/kalessil/phpinspectionsea,False,0,0,0,0,0.000
kermitt2,grobid,/home/camila/repos/kermitt2/grobid,False,0,0,0,0,0.000
keycloak,keycloak,/home/camila/repos/keycloak/keycloak,True,22,21,1,4,0.955
kiegroup,jbpm,/home/camila/repos/kiegroup/jbpm,True,21,21,0,2,1.000
killbill,killbill,/home/camila/repos/killbill/killbill,True,16,16,0,0,1.000
knowm,XChart,/home/camila/repos/knowm/XChart,True,2,2,0,0,1.000
knowm,XChange,/home/camila/repos/knowm/XChange,True,119,119,0,0,1.000
Kong,unirest-java,/home/camila/repos/Kong/unirest-java,True,6,6,0,0,1.000
konsoletyper,teavm,/home/camila/repos/konsoletyper/teavm,False,0,0,0,0,0.000
kubernetes-client,java,/home/camila/repos/kubernetes-client/java,True,12,9,3,1,0.750
languagetool-org,languagetool,/home/camila/repos/languagetool-org/languagetool,True,45,9,36,0,0.200
LawnchairLauncher,Lawnchair,/home/camila/repos/LawnchairLauncher/Lawnchair,False,0,0,0,0,0.000
libgdx,libgdx,/home/camila/repos/libgdx/libgdx,False,0,0,0,0,0.000
LibrePDF,OpenPDF,/home/camila/repos/LibrePDF/OpenPDF,True,4,4,0,0,1.000
line,armeria,/home/camila/repos/line/armeria,False,0,0,0,0,0.000
linkedin,rest.li,/home/camila/repos/linkedin/rest.li,False,0,0,0,0,0.000
linkedin,ambry,/home/camila/repos/linkedin/ambry,False,0,0,0,0,0.000
liquibase,liquibase,/home/camila/repos/liquibase/liquibase,True,10,10,0,0,1.000
lukas-krecan,ShedLock,/home/camila/repos/lukas-krecan/ShedLock,True,47,3,44,0,0.064
LWJGL,lwjgl3,/home/camila/repos/LWJGL/lwjgl3,True,0,0,0,0,0.000
M66B,NetGuard,/home/camila/repos/M66B/NetGuard,False,0,0,0,0,0.000
mabe02,lanterna,/home/camila/repos/mabe02/lanterna,True,0,0,0,0,0.000
magefree,mage,/home/camila/repos/magefree/mage,True,11,11,0,0,1.000
manifold-systems,manifold,/home/camila/repos/manifold-systems/manifold,True,5,5,0,0,1.000
mapstruct,mapstruct,/home/camila/repos/mapstruct/mapstruct,True,5,0,5,0,0.000
material-components,material-components-android,/home/camila/repos/material-components/material-components-android,False,0,0,0,0,0.000
mendhak,gpslogger,/home/camila/repos/mendhak/gpslogger,False,0,0,0,0,0.000
micrometer-metrics,micrometer,/home/camila/repos/micrometer-metrics/micrometer,False,0,0,0,0,0.000
micronaut-projects,micronaut-core,/home/camila/repos/micronaut-projects/micronaut-core,False,0,0,0,0,0.000
MinecraftForge,MinecraftForge,/home/camila/repos/MinecraftForge/MinecraftForge,False,0,0,0,0,0.000
mitreid-connect,OpenID-Connect-Java-Spring-Server,/home/camila/repos/mitreid-connect/OpenID-Connect-Java-Spring-Server,True,6,6,0,0,1.000
mock-server,mockserver,/home/camila/repos/mock-server/mockserver,True,11,11,0,0,1.000
mockito,mockito,/home/camila/repos/mockito/mockito,False,0,0,0,0,0.000
mongodb,mongo-java-driver,/home/camila/repos/mongodb/mongo-java-driver,False,0,0,0,0,0.000
moquette-io,moquette,/home/camila/repos/moquette-io/moquette,True,3,3,0,0,1.000
MorphiaOrg,morphia,/home/camila/repos/MorphiaOrg/morphia,True,6,6,0,1,1.000
MovingBlocks,Terasology,/home/camila/repos/MovingBlocks/Terasology,False,0,0,0,0,0.000
mplushnikov,lombok-intellij-plugin,/home/camila/repos/mplushnikov/lombok-intellij-plugin,False,0,0,0,0,0.000
msgpack,msgpack-java,/home/camila/repos/msgpack/msgpack-java,False,0,0,0,0,0.000
NationalSecurityAgency,ghidra,/home/camila/repos/NationalSecurityAgency/ghidra,False,0,0,0,0,0.000
naver,ngrinder,/home/camila/repos/naver/ngrinder,False,0,0,0,0,0.000
Neamar,KISS,/home/camila/repos/Neamar/KISS,False,0,0,0,0,0.000
neo4j-contrib,neo4j-apoc-procedures,/home/camila/repos/neo4j-contrib/neo4j-apoc-procedures,False,0,0,0,0,0.000
Netflix,genie,/home/camila/repos/Netflix/genie,False,0,0,0,0,0.000
netty,netty,/home/camila/repos/netty/netty,True,51,49,2,1,0.961
networknt,light-4j,/home/camila/repos/networknt/light-4j,True,83,83,0,0,1.000
nextcloud,android,/home/camila/repos/nextcloud/android,False,0,0,0,0,0.000
nutzam,nutz,/home/camila/repos/nutzam/nutz,True,0,0,0,0,0.000
oblac,jodd,/home/camila/repos/oblac/jodd,False,0,0,0,0,0.000
open-keychain,open-keychain,/home/camila/repos/open-keychain/open-keychain,False,0,0,0,0,0.000
OpenAPITools,openapi-generator,/home/camila/repos/OpenAPITools/openapi-generator,True,0,0,0,0,0.000
OpenHFT,Chronicle-Map,/home/camila/repos/OpenHFT/Chronicle-Map,True,0,0,0,0,0.000
OpenHFT,Chronicle-Queue,/home/camila/repos/OpenHFT/Chronicle-Queue,True,0,0,0,0,0.000
OpenRefine,OpenRefine,/home/camila/repos/OpenRefine/OpenRefine,True,7,5,2,0,0.714
opensourceBIM,BIMserver,/home/camila/repos/opensourceBIM/BIMserver,True,7,7,0,0,1.000
opentripplanner,OpenTripPlanner,/home/camila/repos/opentripplanner/OpenTripPlanner,True,0,0,0,0,0.000
OpenVidu,openvidu,/home/camila/repos/OpenVidu/openvidu,True,0,0,0,2,0.000
openzipkin,brave,/home/camila/repos/openzipkin/brave,True,6,5,1,0,0.833
openzipkin,zipkin,/home/camila/repos/openzipkin/zipkin,True,6,6,0,2,1.000
oracle,opengrok,/home/camila/repos/oracle/opengrok,False,0,0,0,0,0.000
oracle,graal,/home/camila/repos/oracle/graal,False,0,0,0,0,0.000
oracle,visualvm,/home/camila/repos/oracle/visualvm,False,0,0,0,0,0.000
oshi,oshi,/home/camila/repos/oshi/oshi,False,0,0,0,0,0.000
osmandapp,OsmAnd,/home/camila/repos/osmandapp/OsmAnd,False,0,0,0,0,0.000
osmdroid,osmdroid,/home/camila/repos/osmdroid/osmdroid,False,0,0,0,0,0.000
pac4j,pac4j,/home/camila/repos/pac4j/pac4j,False,0,0,0,0,0.000
pentaho,pentaho-kettle,/home/camila/repos/pentaho/pentaho-kettle,True,0,0,0,9,0.000
PhilippC,keepass2android,/home/camila/repos/PhilippC/keepass2android,False,0,0,0,0,0.000
PhilJay,MPAndroidChart,/home/camila/repos/PhilJay/MPAndroidChart,False,0,0,0,0,0.000
pinterest,secor,/home/camila/repos/pinterest/secor,True,0,0,0,0,0.000
plutext,docx4j,/home/camila/repos/plutext/docx4j,True,25,25,0,2,1.000
pmd,pmd,/home/camila/repos/pmd/pmd,True,39,36,3,2,0.923
pravega,pravega,/home/camila/repos/pravega/pravega,False,0,0,0,0,0.000
prestodb,presto,/home/camila/repos/prestodb/presto,True,101,101,0,1,1.000
primefaces,primefaces,/home/camila/repos/primefaces/primefaces,True,7,7,0,0,1.000
processing,processing,/home/camila/repos/processing/processing,False,0,0,0,0,0.000
psi-probe,psi-probe,/home/camila/repos/psi-probe/psi-probe,True,4,4,0,0,1.000
pytorch,serve,/home/camila/repos/pytorch/serve,False,0,0,0,0,0.000
qos-ch,slf4j,/home/camila/repos/qos-ch/slf4j,True,15,1,14,0,0.067
qos-ch,logback,/home/camila/repos/qos-ch/logback,True,6,6,0,0,1.000
QuantumBadger,RedReader,/home/camila/repos/QuantumBadger/RedReader,False,0,0,0,0,0.000
quarkusio,quarkus,/home/camila/repos/quarkusio/quarkus,True,22,1,21,0,0.045
querydsl,querydsl,/home/camila/repos/querydsl/querydsl,True,0,0,0,26,0.000
questdb,questdb,/home/camila/repos/questdb/questdb,True,5,0,5,0,0.000
raphw,byte-buddy,/home/camila/repos/raphw/byte-buddy,True,8,8,0,0,1.000
ratpack,ratpack,/home/camila/repos/ratpack/ratpack,False,0,0,0,0,0.000
ReactiveX,RxJava,/home/camila/repos/ReactiveX/RxJava,False,0,0,0,0,0.000
reactor,reactor-core,/home/camila/repos/reactor/reactor-core,False,0,0,0,0,0.000
reactor,reactor-netty,/home/camila/repos/reactor/reactor-netty,False,0,0,0,0,0.000
real-logic,agrona,/home/camila/repos/real-logic/agrona,False,0,0,0,0,0.000
real-logic,simple-binary-encoding,/home/camila/repos/real-logic/simple-binary-encoding,False,0,0,0,0,0.000
real-logic,aeron,/home/camila/repos/real-logic/aeron,False,0,0,0,0,0.000
redisson,redisson,/home/camila/repos/redisson/redisson,True,10,10,0,0,1.000
remkop,picocli,/home/camila/repos/remkop/picocli,True,0,0,0,0,0.000
rest-assured,rest-assured,/home/camila/repos/rest-assured/rest-assured,True,7,7,0,0,1.000
RipMeApp,ripme,/home/camila/repos/RipMeApp/ripme,True,0,0,0,0,0.000
RoaringBitmap,RoaringBitmap,/home/camila/repos/RoaringBitmap/RoaringBitmap,False,0,0,0,0,0.000
robolectric,robolectric,/home/camila/repos/robolectric/robolectric,False,0,0,0,0,0.000
rstudio,rstudio,/home/camila/repos/rstudio/rstudio,False,0,0,0,0,0.000
runelite,runelite,/home/camila/repos/runelite/runelite,True,5,5,0,0,1.000
scribejava,scribejava,/home/camila/repos/scribejava/scribejava,True,8,8,0,0,1.000
selenide,selenide,/home/camila/repos/selenide/selenide,False,0,0,0,0,0.000
SeleniumHQ,selenium,/home/camila/repos/SeleniumHQ/selenium,False,0,0,0,0,0.000
siddhi-io,siddhi,/home/camila/repos/siddhi-io/siddhi,True,6,1,5,0,0.167
signalapp,Signal-Android,/home/camila/repos/signalapp/Signal-Android,False,0,0,0,0,0.000
simpligility,android-maven-plugin,/home/camila/repos/simpligility/android-maven-plugin,True,0,0,0,0,0.000
skylot,jadx,/home/camila/repos/skylot/jadx,False,0,0,0,0,0.000
slapperwan,gh4a,/home/camila/repos/slapperwan/gh4a,False,0,0,0,0,0.000
sleuthkit,autopsy,/home/camila/repos/sleuthkit/autopsy,False,0,0,0,0,0.000
SonarSource,sonarqube,/home/camila/repos/SonarSource/sonarqube,False,0,0,0,0,0.000
soot-oss,soot,/home/camila/repos/soot-oss/soot,True,0,0,0,0,0.000
SpigotMC,BungeeCord,/home/camila/repos/SpigotMC/BungeeCord,True,12,12,0,0,1.000
spockframework,spock,/home/camila/repos/spockframework/spock,False,0,0,0,0,0.000
SpongePowered,SpongeAPI,/home/camila/repos/SpongePowered/SpongeAPI,False,0,0,0,0,0.000
spotbugs,spotbugs,/home/camila/repos/spotbugs/spotbugs,False,0,0,0,0,0.000
spring-cloud,spring-cloud-config,/home/camila/repos/spring-cloud/spring-cloud-config,True,8,7,1,0,0.875
spring-cloud,spring-cloud-gateway,/home/camila/repos/spring-cloud/spring-cloud-gateway,True,10,9,1,0,0.900
spring-cloud,spring-cloud-sleuth,/home/camila/repos/spring-cloud/spring-cloud-sleuth,True,10,9,1,0,0.900
spring-cloud,spring-cloud-netflix,/home/camila/repos/spring-cloud/spring-cloud-netflix,True,7,6,1,0,0.857
spring-io,initializr,/home/camila/repos/spring-io/initializr,True,11,1,10,0,0.091
spring-projects,spring-kafka,/home/camila/repos/spring-projects/spring-kafka,False,0,0,0,0,0.000
spring-projects,spring-data-redis,/home/camila/repos/spring-projects/spring-data-redis,True,0,0,0,0,0.000
spring-projects,spring-batch,/home/camila/repos/spring-projects/spring-batch,True,7,7,0,0,1.000
spring-projects,spring-security,/home/camila/repos/spring-projects/spring-security,False,0,0,0,0,0.000
spring-projects,spring-integration,/home/camila/repos/spring-projects/spring-integration,False,0,0,0,0,0.000
spring-projects,spring-boot,/home/camila/repos/spring-projects/spring-boot,False,0,0,0,0,0.000
springdoc,springdoc-openapi,/home/camila/repos/springdoc/springdoc-openapi,True,5,5,0,1,1.000
stanfordnlp,CoreNLP,/home/camila/repos/stanfordnlp/CoreNLP,True,0,0,0,0,0.000
strimzi,strimzi-kafka-operator,/home/camila/repos/strimzi/strimzi-kafka-operator,True,17,17,0,0,1.000
swagger-api,swagger-core,/home/camila/repos/swagger-api/swagger-core,True,10,0,10,0,0.000
syncthing,syncthing-android,/home/camila/repos/syncthing/syncthing-android,False,0,0,0,0,0.000
TEAMMATES,teammates,/home/camila/repos/TEAMMATES/teammates,False,0,0,0,0,0.000
TeamNewPipe,NewPipe,/home/camila/repos/TeamNewPipe/NewPipe,False,0,0,0,0,0.000
TechEmpower,FrameworkBenchmarks,/home/camila/repos/TechEmpower/FrameworkBenchmarks,False,0,0,0,0,0.000
testcontainers,testcontainers-java,/home/camila/repos/testcontainers/testcontainers-java,False,0,0,0,0,0.000
theonedev,onedev,/home/camila/repos/theonedev/onedev,True,0,0,0,3,0.000
thingsboard,thingsboard,/home/camila/repos/thingsboard/thingsboard,True,11,11,0,0,1.000
tlaplus,tlaplus,/home/camila/repos/tlaplus/tlaplus,True,35,0,35,0,0.000
traccar,traccar,/home/camila/repos/traccar/traccar,False,0,0,0,0,0.000
trinodb,trino,/home/camila/repos/trinodb/trino,True,108,1,107,0,0.009
tronprotocol,java-tron,/home/camila/repos/tronprotocol/java-tron,False,0,0,0,0,0.000
Twitter4J,Twitter4J,/home/camila/repos/Twitter4J/Twitter4J,False,0,0,0,0,0.000
ukanth,afwall,/home/camila/repos/ukanth/afwall,False,0,0,0,0,0.000
unclebob,fitnesse,/home/camila/repos/unclebob/fitnesse,False,0,0,0,0,0.000
undertow-io,undertow,/home/camila/repos/undertow-io/undertow,True,6,6,0,2,1.000
UniversalMediaServer,UniversalMediaServer,/home/camila/repos/UniversalMediaServer/UniversalMediaServer,True,0,0,0,0,0.000
vaadin,framework,/home/camila/repos/vaadin/framework,True,0,0,0,19,0.000
validator,validator,/home/camila/repos/validator/validator,False,0,0,0,0,0.000
vavr-io,vavr,/home/camila/repos/vavr-io/vavr,True,5,5,0,0,1.000
VertaAI,modeldb,/home/camila/repos/VertaAI/modeldb,True,2,2,0,0,1.000
vespa-engine,vespa,/home/camila/repos/vespa-engine/vespa,True,118,0,118,0,0.000
vigna,fastutil,/home/camila/repos/vigna/fastutil,False,0,0,0,0,0.000
vipshop,Saturn,/home/camila/repos/vipshop/Saturn,True,14,14,0,0,1.000
vsch,flexmark-java,/home/camila/repos/vsch/flexmark-java,True,59,59,0,0,1.000
webbukkit,dynmap,/home/camila/repos/webbukkit/dynmap,False,0,0,0,0,0.000
wildfly,wildfly,/home/camila/repos/wildfly/wildfly,True,66,45,21,1,0.682
winder,Universal-G-Code-Sender,/home/camila/repos/winder/Universal-G-Code-Sender,True,5,5,0,0,1.000
xuxueli,xxl-job,/home/camila/repos/xuxueli/xxl-job,True,3,3,0,0,1.000
yacy,yacy_search_server,/home/camila/repos/yacy/yacy_search_server,False,0,0,0,0,0.000
zaproxy,zaproxy,/home/camila/repos/zaproxy/zaproxy,False,0,0,0,0,0.000
zendesk,maxwell,/home/camila/repos/zendesk/maxwell,True,0,0,0,0,0.000
zxing,zxing,/home/camila/repos/zxing/zxing,True,2,2,0,4,1.000
liferay,liferay-portal,/home/camila/repos/liferay/liferay-portal,False,0,0,0,0,0.000
