owner,name,repo_path,has_root_pom,root_packaging,root_modules_declared_count,classification,total_poms,deployables_count,excluded_count
Activiti,Activiti,/home/camila/repos/Activiti/Activiti,True,pom,6,MULTI_MODULE,67,54,0
airbnb,lottie-android,/home/camila/repos/airbnb/lottie-android,False,,0,NO_ROOT_POM,0,0,0
alibaba,spring-cloud-alibaba,/home/camila/repos/alibaba/spring-cloud-alibaba,True,pom,5,MULTI_MODULE,74,64,0
alibaba,nacos,/home/camila/repos/alibaba/nacos,True,pom,21,MULTI_MODULE,37,31,1
alibaba,fastjson,/home/camila/repos/alibaba/fastjson,True,jar,0,SINGLE_MODULE,1,1,0
aliyun,aliyun-openapi-java-sdk,/home/camila/repos/aliyun/aliyun-openapi-java-sdk,False,,0,NO_ROOT_POM,347,347,0
Alluxio,alluxio,/home/camila/repos/Alluxio/alluxio,True,pom,15,MULTI_MODULE,70,54,4
AlmasB,FXGL,/home/camila/repos/AlmasB/FXGL,True,pom,12,MULTI_MODULE,13,12,0
AntennaPod,AntennaPod,/home/camila/repos/AntennaPod/AntennaPod,False,,0,NO_ROOT_POM,0,0,0
antlr,antlr4,/home/camila/repos/antlr/antlr4,True,pom,5,MULTI_MODULE,10,8,0
AnySoftKeyboard,AnySoftKeyboard,/home/camila/repos/AnySoftKeyboard/AnySoftKeyboard,False,,0,NO_ROOT_POM,0,0,0
apache,rocketmq,/home/camila/repos/apache/rocketmq,True,pom,19,MULTI_MODULE,20,18,2
apache,hudi,/home/camila/repos/apache/hudi,True,pom,30,MULTI_MODULE,81,58,0
apache,iceberg,/home/camila/repos/apache/iceberg,False,,0,NO_ROOT_POM,0,0,0
apache,servicecomb-pack,/home/camila/repos/apache/servicecomb-pack,True,pom,8,MULTI_MODULE,72,56,19
apache,shiro,/home/camila/repos/apache/shiro,True,pom,13,MULTI_MODULE,62,48,16
apache,opennlp,/home/camila/repos/apache/opennlp,True,pom,9,MULTI_MODULE,10,7,0
apache,zookeeper,/home/camila/repos/apache/zookeeper,False,,0,NO_ROOT_POM,0,0,0
apache,avro,/home/camila/repos/apache/avro,False,,0,NO_ROOT_POM,28,28,28
apache,shardingsphere-elasticjob,/home/camila/repos/apache/shardingsphere-elasticjob,True,pom,11,MULTI_MODULE,41,28,6
apache,bookkeeper,/home/camila/repos/apache/bookkeeper,False,,0,NO_ROOT_POM,0,0,0
apache,curator,/home/camila/repos/apache/curator,True,pom,12,MULTI_MODULE,13,12,0
apache,netbeans,/home/camila/repos/apache/netbeans,False,,0,NO_ROOT_POM,59,46,0
apache,nutch,/home/camila/repos/apache/nutch,False,,0,NO_ROOT_POM,0,0,0
apache,servicecomb-java-chassis,/home/camila/repos/apache/servicecomb-java-chassis,True,pom,22,MULTI_MODULE,180,127,74
apache,httpcomponents-client,/home/camila/repos/apache/httpcomponents-client,True,pom,4,MULTI_MODULE,5,4,0
apache,calcite,/home/camila/repos/apache/calcite,False,,0,NO_ROOT_POM,0,0,0
apache,dubbo,/home/camila/repos/apache/dubbo,True,pom,18,MULTI_MODULE,130,102,0
apache,drill,/home/camila/repos/apache/drill,True,pom,8,MULTI_MODULE,60,50,2
apache,pulsar,/home/camila/repos/apache/pulsar,True,pom,0,AGGREGATOR_EMPTY,133,110,1
apache,zeppelin,/home/camila/repos/apache/zeppelin,True,pom,39,MULTI_MODULE,74,66,0
apache,iotdb,/home/camila/repos/apache/iotdb,True,pom,7,MULTI_MODULE,48,38,12
apache,skywalking,/home/camila/repos/apache/skywalking,True,pom,1,MULTI_MODULE,98,81,0
apache,tika,/home/camila/repos/apache/tika,True,pom,21,MULTI_MODULE,113,93,0
apache,nifi,/home/camila/repos/apache/nifi,True,pom,20,MULTI_MODULE,813,441,0
apache,commons-lang,/home/camila/repos/apache/commons-lang,True,jar,0,SINGLE_MODULE,1,1,0
apache,gobblin,/home/camila/repos/apache/gobblin,False,,0,NO_ROOT_POM,0,0,0
apache,struts,/home/camila/repos/apache/struts,True,pom,5,MULTI_MODULE,39,33,1
apache,kafka,/home/camila/repos/apache/kafka,False,,0,NO_ROOT_POM,3,1,3
apache,geode,/home/camila/repos/apache/geode,False,,0,NO_ROOT_POM,0,0,0
apache,pdfbox,/home/camila/repos/apache/pdfbox,True,pom,12,MULTI_MODULE,14,12,2
apache,storm,/home/camila/repos/apache/storm,True,pom,14,MULTI_MODULE,61,47,10
apache,activemq,/home/camila/repos/apache/activemq,True,pom,35,MULTI_MODULE,55,48,15
apache,maven,/home/camila/repos/apache/maven,True,pom,25,MULTI_MODULE,343,199,1
apache,poi,/home/camila/repos/apache/poi,False,,0,NO_ROOT_POM,1,1,0
apache,logging-log4j2,/home/camila/repos/apache/logging-log4j2,False,,0,NO_ROOT_POM,0,0,0
apache,hive,/home/camila/repos/apache/hive,False,,0,NO_ROOT_POM,0,0,0
apache,groovy,/home/camila/repos/apache/groovy,False,,0,NO_ROOT_POM,0,0,0
apache,jmeter,/home/camila/repos/apache/jmeter,False,,0,NO_ROOT_POM,0,0,0
apache,tinkerpop,/home/camila/repos/apache/tinkerpop,True,pom,21,MULTI_MODULE,28,24,1
apache,flink,/home/camila/repos/apache/flink,True,pom,42,MULTI_MODULE,182,159,1
apache,tomcat,/home/camila/repos/apache/tomcat,False,,0,NO_ROOT_POM,4,4,0
apache,hadoop,/home/camila/repos/apache/hadoop,True,pom,11,MULTI_MODULE,50,37,0
apache,beam,/home/camila/repos/apache/beam,False,,0,NO_ROOT_POM,7,4,2
apache,ambari,/home/camila/repos/apache/ambari,True,pom,0,AGGREGATOR_EMPTY,45,34,15
apache,camel,/home/camila/repos/apache/camel,False,,0,NO_ROOT_POM,0,0,0
apereo,cas,/home/camila/repos/apereo/cas,True,jar,0,SINGLE_MODULE,1,1,0
asciidocfx,AsciidocFX,/home/camila/repos/asciidocfx/AsciidocFX,True,jar,0,SINGLE_MODULE,1,1,0
AsyncHttpClient,async-http-client,/home/camila/repos/AsyncHttpClient/async-http-client,True,pom,1,MULTI_MODULE,2,1,0
Athou,commafeed,/home/camila/repos/Athou/commafeed,True,pom,2,MULTI_MODULE,3,2,0
Atmosphere,atmosphere,/home/camila/repos/Atmosphere/atmosphere,True,pom,3,MULTI_MODULE,6,2,0
Automattic,simplenote-android,/home/camila/repos/Automattic/simplenote-android,False,,0,NO_ROOT_POM,0,0,0
aws,aws-sdk-java,/home/camila/repos/aws/aws-sdk-java,True,pom,385,MULTI_MODULE,386,383,0
aws,aws-sdk-java-v2,/home/camila/repos/aws/aws-sdk-java-v2,True,pom,42,MULTI_MODULE,487,473,0
AxonFramework,AxonFramework,/home/camila/repos/AxonFramework/AxonFramework,True,pom,16,MULTI_MODULE,28,26,0
azkaban,azkaban,/home/camila/repos/azkaban/azkaban,False,,0,NO_ROOT_POM,0,0,0
bazelbuild,bazel,/home/camila/repos/bazelbuild/bazel,False,,0,NO_ROOT_POM,1,0,0
bcgit,bc-java,/home/camila/repos/bcgit/bc-java,False,,0,NO_ROOT_POM,0,0,0
ben-manes,caffeine,/home/camila/repos/ben-manes/caffeine,False,,0,NO_ROOT_POM,0,0,0
bisq-network,bisq,/home/camila/repos/bisq-network/bisq,False,,0,NO_ROOT_POM,0,0,0
bitcoin-wallet,bitcoin-wallet,/home/camila/repos/bitcoin-wallet/bitcoin-wallet,False,,0,NO_ROOT_POM,0,0,0
bitcoinj,bitcoinj,/home/camila/repos/bitcoinj/bitcoinj,False,,0,NO_ROOT_POM,0,0,0
Blankj,AndroidUtilCode,/home/camila/repos/Blankj/AndroidUtilCode,False,,0,NO_ROOT_POM,0,0,0
bonigarcia,webdrivermanager,/home/camila/repos/bonigarcia/webdrivermanager,True,jar,0,SINGLE_MODULE,1,1,0
bootique,bootique,/home/camila/repos/bootique/bootique,True,pom,8,MULTI_MODULE,9,8,0
brettwooldridge,HikariCP,/home/camila/repos/brettwooldridge/HikariCP,True,bundle,0,SINGLE_MODULE,1,1,0
broadinstitute,gatk,/home/camila/repos/broadinstitute/gatk,False,,0,NO_ROOT_POM,0,0,0
BroadleafCommerce,BroadleafCommerce,/home/camila/repos/BroadleafCommerce/BroadleafCommerce,True,pom,4,MULTI_MODULE,13,10,0
BuildCraft,BuildCraft,/home/camila/repos/BuildCraft/BuildCraft,False,,0,NO_ROOT_POM,0,0,0
bumptech,glide,/home/camila/repos/bumptech/glide,False,,0,NO_ROOT_POM,0,0,0
bytedeco,javacpp-presets,/home/camila/repos/bytedeco/javacpp-presets,True,pom,0,AGGREGATOR_EMPTY,202,200,66
cabaletta,baritone,/home/camila/repos/cabaletta/baritone,False,,0,NO_ROOT_POM,0,0,0
camunda,camunda-bpm-platform,/home/camila/repos/camunda/camunda-bpm-platform,True,pom,0,AGGREGATOR_EMPTY,180,124,5
CellularPrivacy,Android-IMSI-Catcher-Detector,/home/camila/repos/CellularPrivacy/Android-IMSI-Catcher-Detector,False,,0,NO_ROOT_POM,0,0,0
cgeo,cgeo,/home/camila/repos/cgeo/cgeo,False,,0,NO_ROOT_POM,0,0,0
checkstyle,checkstyle,/home/camila/repos/checkstyle/checkstyle,True,jar,0,SINGLE_MODULE,1,1,0
classgraph,classgraph,/home/camila/repos/classgraph/classgraph,True,jar,0,SINGLE_MODULE,1,1,0
clojure,clojure,/home/camila/repos/clojure/clojure,True,jar,0,SINGLE_MODULE,1,1,0
cloudfoundry,uaa,/home/camila/repos/cloudfoundry/uaa,False,,0,NO_ROOT_POM,0,0,0
codecentric,spring-boot-admin,/home/camila/repos/codecentric/spring-boot-admin,True,pom,9,MULTI_MODULE,20,15,0
Col-E,Recaf,/home/camila/repos/Col-E/Recaf,False,,0,NO_ROOT_POM,0,0,0
confluentinc,kafka-rest,/home/camila/repos/confluentinc/kafka-rest,True,pom,1,MULTI_MODULE,2,1,0
confluentinc,schema-registry,/home/camila/repos/confluentinc/schema-registry,True,pom,33,MULTI_MODULE,34,28,0
confluentinc,ksql,/home/camila/repos/confluentinc/ksql,True,pom,29,MULTI_MODULE,36,31,0
connectbot,connectbot,/home/camila/repos/connectbot/connectbot,False,,0,NO_ROOT_POM,0,0,0
crate,crate,/home/camila/repos/crate/crate,True,pom,23,MULTI_MODULE,24,22,0
cryptomator,cryptomator,/home/camila/repos/cryptomator/cryptomator,True,jar,0,SINGLE_MODULE,1,1,0
cSploit,android,/home/camila/repos/cSploit/android,False,,0,NO_ROOT_POM,0,0,0
cuba-platform,cuba,/home/camila/repos/cuba-platform/cuba,False,,0,NO_ROOT_POM,0,0,0
cucumber,cucumber-jvm,/home/camila/repos/cucumber/cucumber-jvm,True,pom,23,MULTI_MODULE,37,32,10
danfickle,openhtmltopdf,/home/camila/repos/danfickle/openhtmltopdf,True,pom,12,MULTI_MODULE,13,12,0
dbeaver,dbeaver,/home/camila/repos/dbeaver/dbeaver,True,pom,3,MULTI_MODULE,185,1,0
debezium,debezium,/home/camila/repos/debezium/debezium,True,pom,30,MULTI_MODULE,51,40,0
diffplug,spotless,/home/camila/repos/diffplug/spotless,False,,0,NO_ROOT_POM,0,0,0
docker-java,docker-java,/home/camila/repos/docker-java/docker-java,True,pom,11,MULTI_MODULE,12,10,0
dreamhead,moco,/home/camila/repos/dreamhead/moco,False,,0,NO_ROOT_POM,0,0,0
drewnoakes,metadata-extractor,/home/camila/repos/drewnoakes/metadata-extractor,True,jar,0,SINGLE_MODULE,1,1,0
dropwizard,metrics,/home/camila/repos/dropwizard/metrics,True,pom,36,MULTI_MODULE,39,37,1
dropwizard,dropwizard,/home/camila/repos/dropwizard/dropwizard,True,pom,34,MULTI_MODULE,42,37,6
ebean-orm,ebean,/home/camila/repos/ebean-orm/ebean,True,pom,16,MULTI_MODULE,50,45,0
eclipse,eclipse-collections,/home/camila/repos/eclipse/eclipse-collections,True,pom,11,MULTI_MODULE,23,14,0
eclipse-vertx,vert.x,/home/camila/repos/eclipse-vertx/vert.x,True,pom,2,MULTI_MODULE,3,2,0
ehcache,ehcache3,/home/camila/repos/ehcache/ehcache3,False,,0,NO_ROOT_POM,0,0,0
elastic,elasticsearch-hadoop,/home/camila/repos/elastic/elasticsearch-hadoop,False,,0,NO_ROOT_POM,0,0,0
elastic,elasticsearch,/home/camila/repos/elastic/elasticsearch,False,,0,NO_ROOT_POM,0,0,0
embulk,embulk,/home/camila/repos/embulk/embulk,False,,0,NO_ROOT_POM,0,0,0
EngineHub,WorldEdit,/home/camila/repos/EngineHub/WorldEdit,False,,0,NO_ROOT_POM,0,0,0
ervandew,eclim,/home/camila/repos/ervandew/eclim,False,,0,NO_ROOT_POM,0,0,0
Etar-Group,Etar-Calendar,/home/camila/repos/Etar-Group/Etar-Calendar,False,,0,NO_ROOT_POM,0,0,0
fabric8io,docker-maven-plugin,/home/camila/repos/fabric8io/docker-maven-plugin,True,maven-plugin,0,SINGLE_MODULE,61,43,24
fabric8io,kubernetes-client,/home/camila/repos/fabric8io/kubernetes-client,True,pom,23,MULTI_MODULE,182,159,9
facebook,fresco,/home/camila/repos/facebook/fresco,False,,0,NO_ROOT_POM,1,1,0
facebook,litho,/home/camila/repos/facebook/litho,False,,0,NO_ROOT_POM,0,0,0
FasterXML,jackson-core,/home/camila/repos/FasterXML/jackson-core,True,jar,0,SINGLE_MODULE,1,1,0
FasterXML,jackson-databind,/home/camila/repos/FasterXML/jackson-databind,True,jar,0,SINGLE_MODULE,1,1,0
federicoiosue,Omni-Notes,/home/camila/repos/federicoiosue/Omni-Notes,False,,0,NO_ROOT_POM,0,0,0
firebase,firebase-android-sdk,/home/camila/repos/firebase/firebase-android-sdk,False,,0,NO_ROOT_POM,0,0,0
flowable,flowable-engine,/home/camila/repos/flowable/flowable-engine,True,pom,53,MULTI_MODULE,135,129,6
flutter,flutter-intellij,/home/camila/repos/flutter/flutter-intellij,False,,0,NO_ROOT_POM,0,0,0
flyingsaucerproject,flyingsaucer,/home/camila/repos/flyingsaucerproject/flyingsaucer,True,pom,8,MULTI_MODULE,9,8,0
flyway,flyway,/home/camila/repos/flyway/flyway,True,pom,7,MULTI_MODULE,32,28,0
fossasia,pslab-android,/home/camila/repos/fossasia/pslab-android,False,,0,NO_ROOT_POM,0,0,0
geoserver,geoserver,/home/camila/repos/geoserver/geoserver,False,,0,NO_ROOT_POM,284,243,1
geotools,geotools,/home/camila/repos/geotools/geotools,True,pom,2,MULTI_MODULE,177,161,11
gephi,gephi,/home/camila/repos/gephi/gephi,True,pom,65,MULTI_MODULE,66,0,0
GeyserMC,Geyser,/home/camila/repos/GeyserMC/Geyser,False,,0,NO_ROOT_POM,0,0,0
gocd,gocd,/home/camila/repos/gocd/gocd,False,,0,NO_ROOT_POM,0,0,0
google,auto,/home/camila/repos/google/auto,False,,0,NO_ROOT_POM,11,9,0
google,truth,/home/camila/repos/google/truth,True,pom,2,MULTI_MODULE,7,5,0
google,gson,/home/camila/repos/google/gson,True,pom,7,MULTI_MODULE,8,7,0
google,guice,/home/camila/repos/google/guice,True,pom,3,MULTI_MODULE,16,13,1
google,copybara,/home/camila/repos/google/copybara,False,,0,NO_ROOT_POM,0,0,0
google,nomulus,/home/camila/repos/google/nomulus,False,,0,NO_ROOT_POM,0,0,0
google,error-prone,/home/camila/repos/google/error-prone,True,pom,9,MULTI_MODULE,10,9,0
google,j2objc,/home/camila/repos/google/j2objc,False,,0,NO_ROOT_POM,2,1,0
google,guava,/home/camila/repos/google/guava,True,pom,5,MULTI_MODULE,14,10,0
google,closure-compiler,/home/camila/repos/google/closure-compiler,False,,0,NO_ROOT_POM,0,0,0
googleapis,google-http-java-client,/home/camila/repos/googleapis/google-http-java-client,True,pom,14,MULTI_MODULE,21,16,5
googleapis,google-api-java-client,/home/camila/repos/googleapis/google-api-java-client,True,pom,11,MULTI_MODULE,16,12,4
googleapis,google-cloud-java,/home/camila/repos/googleapis/google-cloud-java,True,pom,204,MULTI_MODULE,1201,798,0
GoogleContainerTools,jib,/home/camila/repos/GoogleContainerTools/jib,False,,0,NO_ROOT_POM,21,18,8
graphhopper,jsprit,/home/camila/repos/graphhopper/jsprit,True,pom,2,MULTI_MODULE,3,2,0
graphhopper,graphhopper,/home/camila/repos/graphhopper/graphhopper,True,pom,10,MULTI_MODULE,11,10,2
graphql-java,graphql-java,/home/camila/repos/graphql-java/graphql-java,False,,0,NO_ROOT_POM,0,0,0
Graylog2,graylog2-server,/home/camila/repos/Graylog2/graylog2-server,True,pom,6,MULTI_MODULE,12,7,0
grpc,grpc-java,/home/camila/repos/grpc/grpc-java,False,,0,NO_ROOT_POM,8,8,8
gsantner,markor,/home/camila/repos/gsantner/markor,False,,0,NO_ROOT_POM,0,0,0
haifengl,smile,/home/camila/repos/haifengl/smile,False,,0,NO_ROOT_POM,0,0,0
hapifhir,hapi-fhir,/home/camila/repos/hapifhir/hapi-fhir,True,pom,64,MULTI_MODULE,80,69,0
haraldk,TwelveMonkeys,/home/camila/repos/haraldk/TwelveMonkeys,True,pom,5,MULTI_MODULE,34,30,0
hawtio,hawtio,/home/camila/repos/hawtio/hawtio,True,pom,18,MULTI_MODULE,33,27,10
hcoles,pitest,/home/camila/repos/hcoles/pitest,True,pom,8,MULTI_MODULE,44,39,1
hneemann,Digital,/home/camila/repos/hneemann/Digital,True,jar,0,SINGLE_MODULE,1,1,0
i2p,i2p.i2p,/home/camila/repos/i2p/i2p.i2p,False,,0,NO_ROOT_POM,0,0,0
iBotPeaches,Apktool,/home/camila/repos/iBotPeaches/Apktool,False,,0,NO_ROOT_POM,0,0,0
igniterealtime,Smack,/home/camila/repos/igniterealtime/Smack,False,,0,NO_ROOT_POM,0,0,0
igniterealtime,Openfire,/home/camila/repos/igniterealtime/Openfire,True,pom,5,MULTI_MODULE,8,5,0
iluwatar,java-design-patterns,/home/camila/repos/iluwatar/java-design-patterns,True,pom,159,MULTI_MODULE,171,166,0
immutables,immutables,/home/camila/repos/immutables/immutables,True,pom,24,MULTI_MODULE,33,30,0
INRIA,spoon,/home/camila/repos/INRIA/spoon,True,jar,0,SINGLE_MODULE,35,31,0
internetarchive,heritrix3,/home/camila/repos/internetarchive/heritrix3,True,pom,5,MULTI_MODULE,5,4,0
iterate-ch,cyberduck,/home/camila/repos/iterate-ch/cyberduck,True,pom,55,MULTI_MODULE,58,43,0
itext,itextpdf,/home/camila/repos/itext/itextpdf,True,pom,4,MULTI_MODULE,5,4,0
JabRef,jabref,/home/camila/repos/JabRef/jabref,False,,0,NO_ROOT_POM,0,0,0
jacoco,jacoco,/home/camila/repos/jacoco/jacoco,True,pom,1,MULTI_MODULE,71,59,0
jankotek,mapdb,/home/camila/repos/jankotek/mapdb,True,bundle,0,SINGLE_MODULE,1,1,0
JanusGraph,janusgraph,/home/camila/repos/JanusGraph/janusgraph,True,pom,24,MULTI_MODULE,31,24,0
java-json-tools,json-schema-validator,/home/camila/repos/java-json-tools/json-schema-validator,False,,0,NO_ROOT_POM,0,0,0
java-native-access,jna,/home/camila/repos/java-native-access/jna,False,,0,NO_ROOT_POM,0,0,0
javamelody,javamelody,/home/camila/repos/javamelody/javamelody,True,pom,9,MULTI_MODULE,11,10,0
javaparser,javaparser,/home/camila/repos/javaparser/javaparser,True,pom,8,MULTI_MODULE,9,8,0
jdbi,jdbi,/home/camila/repos/jdbi/jdbi,True,pom,32,MULTI_MODULE,41,36,2
jenkinsci,gitlab-plugin,/home/camila/repos/jenkinsci/gitlab-plugin,True,hpi,0,SINGLE_MODULE,1,0,0
jenkinsci,kubernetes-plugin,/home/camila/repos/jenkinsci/kubernetes-plugin,True,hpi,0,SINGLE_MODULE,1,0,0
jenkinsci,blueocean-plugin,/home/camila/repos/jenkinsci/blueocean-plugin,True,pom,21,MULTI_MODULE,28,2,0
jenkinsci,jenkins,/home/camila/repos/jenkinsci/jenkins,True,pom,8,MULTI_MODULE,9,6,0
jeremylong,DependencyCheck,/home/camila/repos/jeremylong/DependencyCheck,True,pom,6,MULTI_MODULE,69,51,0
JetBrains,intellij-plugins,/home/camila/repos/JetBrains/intellij-plugins,False,,0,NO_ROOT_POM,9,9,0
jhy,jsoup,/home/camila/repos/jhy/jsoup,True,jar,0,SINGLE_MODULE,1,1,0
jindrapetrik,jpexs-decompiler,/home/camila/repos/jindrapetrik/jpexs-decompiler,False,,0,NO_ROOT_POM,2,2,0
jitsi,jitsi,/home/camila/repos/jitsi/jitsi,True,pom,6,MULTI_MODULE,107,103,0
jMonkeyEngine,jmonkeyengine,/home/camila/repos/jMonkeyEngine/jmonkeyengine,False,,0,NO_ROOT_POM,0,0,0
JodaOrg,joda-time,/home/camila/repos/JodaOrg/joda-time,True,jar,0,SINGLE_MODULE,1,1,0
jooby-project,jooby,/home/camila/repos/jooby-project/jooby,True,pom,3,MULTI_MODULE,64,58,1
journeyapps,zxing-android-embedded,/home/camila/repos/journeyapps/zxing-android-embedded,False,,0,NO_ROOT_POM,0,0,0
JSQLParser,JSqlParser,/home/camila/repos/JSQLParser/JSqlParser,True,bundle,0,SINGLE_MODULE,1,1,0
jtablesaw,tablesaw,/home/camila/repos/jtablesaw/tablesaw,True,pom,10,MULTI_MODULE,11,10,0
junit-team,junit4,/home/camila/repos/junit-team/junit4,True,jar,0,SINGLE_MODULE,1,1,0
junit-team,junit5,/home/camila/repos/junit-team/junit5,False,,0,NO_ROOT_POM,6,6,0
kalessil,phpinspectionsea,/home/camila/repos/kalessil/phpinspectionsea,False,,0,NO_ROOT_POM,0,0,0
kermitt2,grobid,/home/camila/repos/kermitt2/grobid,False,,0,NO_ROOT_POM,0,0,0
keycloak,keycloak,/home/camila/repos/keycloak/keycloak,True,pom,22,MULTI_MODULE,126,64,14
kiegroup,jbpm,/home/camila/repos/kiegroup/jbpm,True,pom,21,MULTI_MODULE,83,66,0
killbill,killbill,/home/camila/repos/killbill/killbill,True,pom,16,MULTI_MODULE,19,17,0
knowm,XChart,/home/camila/repos/knowm/XChart,True,pom,2,MULTI_MODULE,3,2,0
knowm,XChange,/home/camila/repos/knowm/XChange,True,pom,119,MULTI_MODULE,120,119,0
Kong,unirest-java,/home/camila/repos/Kong/unirest-java,True,pom,6,MULTI_MODULE,8,6,0
konsoletyper,teavm,/home/camila/repos/konsoletyper/teavm,False,,0,NO_ROOT_POM,1,1,1
kubernetes-client,java,/home/camila/repos/kubernetes-client/java,True,pom,12,MULTI_MODULE,19,17,6
languagetool-org,languagetool,/home/camila/repos/languagetool-org/languagetool,True,pom,45,MULTI_MODULE,49,48,0
LawnchairLauncher,Lawnchair,/home/camila/repos/LawnchairLauncher/Lawnchair,False,,0,NO_ROOT_POM,0,0,0
libgdx,libgdx,/home/camila/repos/libgdx/libgdx,False,,0,NO_ROOT_POM,0,0,0
LibrePDF,OpenPDF,/home/camila/repos/LibrePDF/OpenPDF,True,pom,4,MULTI_MODULE,5,4,0
line,armeria,/home/camila/repos/line/armeria,False,,0,NO_ROOT_POM,1,1,0
linkedin,rest.li,/home/camila/repos/linkedin/rest.li,False,,0,NO_ROOT_POM,0,0,0
linkedin,ambry,/home/camila/repos/linkedin/ambry,False,,0,NO_ROOT_POM,0,0,0
liquibase,liquibase,/home/camila/repos/liquibase/liquibase,True,pom,10,MULTI_MODULE,12,9,0
lukas-krecan,ShedLock,/home/camila/repos/lukas-krecan/ShedLock,True,pom,47,MULTI_MODULE,48,46,0
LWJGL,lwjgl3,/home/camila/repos/LWJGL/lwjgl3,True,jar,0,SINGLE_MODULE,1,1,0
M66B,NetGuard,/home/camila/repos/M66B/NetGuard,False,,0,NO_ROOT_POM,0,0,0
mabe02,lanterna,/home/camila/repos/mabe02/lanterna,True,jar,0,SINGLE_MODULE,2,2,0
magefree,mage,/home/camila/repos/magefree/mage,True,pom,11,MULTI_MODULE,40,36,0
manifold-systems,manifold,/home/camila/repos/manifold-systems/manifold,True,pom,5,MULTI_MODULE,74,71,0
mapstruct,mapstruct,/home/camila/repos/mapstruct/mapstruct,True,pom,5,MULTI_MODULE,56,43,1
material-components,material-components-android,/home/camila/repos/material-components/material-components-android,False,,0,NO_ROOT_POM,0,0,0
mendhak,gpslogger,/home/camila/repos/mendhak/gpslogger,False,,0,NO_ROOT_POM,0,0,0
micrometer-metrics,micrometer,/home/camila/repos/micrometer-metrics/micrometer,False,,0,NO_ROOT_POM,0,0,0
micronaut-projects,micronaut-core,/home/camila/repos/micronaut-projects/micronaut-core,False,,0,NO_ROOT_POM,0,0,0
MinecraftForge,MinecraftForge,/home/camila/repos/MinecraftForge/MinecraftForge,False,,0,NO_ROOT_POM,1,1,0
mitreid-connect,OpenID-Connect-Java-Spring-Server,/home/camila/repos/mitreid-connect/OpenID-Connect-Java-Spring-Server,True,pom,6,MULTI_MODULE,7,6,0
mock-server,mockserver,/home/camila/repos/mock-server/mockserver,True,pom,11,MULTI_MODULE,15,14,0
mockito,mockito,/home/camila/repos/mockito/mockito,False,,0,NO_ROOT_POM,0,0,0
mongodb,mongo-java-driver,/home/camila/repos/mongodb/mongo-java-driver,False,,0,NO_ROOT_POM,0,0,0
moquette-io,moquette,/home/camila/repos/moquette-io/moquette,True,pom,3,MULTI_MODULE,4,2,0
MorphiaOrg,morphia,/home/camila/repos/MorphiaOrg/morphia,True,pom,6,MULTI_MODULE,8,6,1
MovingBlocks,Terasology,/home/camila/repos/MovingBlocks/Terasology,False,,0,NO_ROOT_POM,0,0,0
mplushnikov,lombok-intellij-plugin,/home/camila/repos/mplushnikov/lombok-intellij-plugin,False,,0,NO_ROOT_POM,0,0,0
msgpack,msgpack-java,/home/camila/repos/msgpack/msgpack-java,False,,0,NO_ROOT_POM,0,0,0
NationalSecurityAgency,ghidra,/home/camila/repos/NationalSecurityAgency/ghidra,False,,0,NO_ROOT_POM,0,0,0
naver,ngrinder,/home/camila/repos/naver/ngrinder,False,,0,NO_ROOT_POM,0,0,0
Neamar,KISS,/home/camila/repos/Neamar/KISS,False,,0,NO_ROOT_POM,0,0,0
neo4j-contrib,neo4j-apoc-procedures,/home/camila/repos/neo4j-contrib/neo4j-apoc-procedures,False,,0,NO_ROOT_POM,1,1,1
Netflix,genie,/home/camila/repos/Netflix/genie,False,,0,NO_ROOT_POM,0,0,0
netty,netty,/home/camila/repos/netty/netty,True,pom,51,MULTI_MODULE,53,50,1
networknt,light-4j,/home/camila/repos/networknt/light-4j,True,pom,83,MULTI_MODULE,86,85,0
nextcloud,android,/home/camila/repos/nextcloud/android,False,,0,NO_ROOT_POM,0,0,0
nutzam,nutz,/home/camila/repos/nutzam/nutz,True,jar,0,SINGLE_MODULE,2,2,1
oblac,jodd,/home/camila/repos/oblac/jodd,False,,0,NO_ROOT_POM,0,0,0
open-keychain,open-keychain,/home/camila/repos/open-keychain/open-keychain,False,,0,NO_ROOT_POM,0,0,0
OpenAPITools,openapi-generator,/home/camila/repos/OpenAPITools/openapi-generator,True,pom,0,AGGREGATOR_EMPTY,361,203,346
OpenHFT,Chronicle-Map,/home/camila/repos/OpenHFT/Chronicle-Map,True,bundle,0,SINGLE_MODULE,2,2,0
OpenHFT,Chronicle-Queue,/home/camila/repos/OpenHFT/Chronicle-Queue,True,bundle,0,SINGLE_MODULE,1,1,0
OpenRefine,OpenRefine,/home/camila/repos/OpenRefine/OpenRefine,True,pom,7,MULTI_MODULE,13,10,0
opensourceBIM,BIMserver,/home/camila/repos/opensourceBIM/BIMserver,True,pom,7,MULTI_MODULE,9,8,0
opentripplanner,OpenTripPlanner,/home/camila/repos/opentripplanner/OpenTripPlanner,True,jar,0,SINGLE_MODULE,1,1,0
OpenVidu,openvidu,/home/camila/repos/OpenVidu/openvidu,True,pom,0,AGGREGATOR_EMPTY,3,2,0
openzipkin,brave,/home/camila/repos/openzipkin/brave,True,pom,6,MULTI_MODULE,55,51,0
openzipkin,zipkin,/home/camila/repos/openzipkin/zipkin,True,pom,6,MULTI_MODULE,18,15,0
oracle,opengrok,/home/camila/repos/oracle/opengrok,False,,0,NO_ROOT_POM,0,0,0
oracle,graal,/home/camila/repos/oracle/graal,False,,0,NO_ROOT_POM,0,0,0
oracle,visualvm,/home/camila/repos/oracle/visualvm,False,,0,NO_ROOT_POM,4,2,3
oshi,oshi,/home/camila/repos/oshi/oshi,False,,0,NO_ROOT_POM,0,0,0
osmandapp,OsmAnd,/home/camila/repos/osmandapp/OsmAnd,False,,0,NO_ROOT_POM,0,0,0
osmdroid,osmdroid,/home/camila/repos/osmdroid/osmdroid,False,,0,NO_ROOT_POM,1,1,0
pac4j,pac4j,/home/camila/repos/pac4j/pac4j,False,,0,NO_ROOT_POM,0,0,0
pentaho,pentaho-kettle,/home/camila/repos/pentaho/pentaho-kettle,True,pom,0,AGGREGATOR_EMPTY,330,113,1
PhilippC,keepass2android,/home/camila/repos/PhilippC/keepass2android,False,,0,NO_ROOT_POM,0,0,0
PhilJay,MPAndroidChart,/home/camila/repos/PhilJay/MPAndroidChart,False,,0,NO_ROOT_POM,1,0,0
pinterest,secor,/home/camila/repos/pinterest/secor,True,jar,0,SINGLE_MODULE,1,1,0
plutext,docx4j,/home/camila/repos/plutext/docx4j,True,pom,25,MULTI_MODULE,29,21,0
pmd,pmd,/home/camila/repos/pmd/pmd,True,pom,39,MULTI_MODULE,42,39,0
pravega,pravega,/home/camila/repos/pravega/pravega,False,,0,NO_ROOT_POM,0,0,0
prestodb,presto,/home/camila/repos/prestodb/presto,True,pom,101,MULTI_MODULE,103,54,0
primefaces,primefaces,/home/camila/repos/primefaces/primefaces,True,pom,7,MULTI_MODULE,10,8,0
processing,processing,/home/camila/repos/processing/processing,False,,0,NO_ROOT_POM,0,0,0
psi-probe,psi-probe,/home/camila/repos/psi-probe/psi-probe,True,pom,4,MULTI_MODULE,7,6,0
pytorch,serve,/home/camila/repos/pytorch/serve,False,,0,NO_ROOT_POM,1,1,0
qos-ch,slf4j,/home/camila/repos/qos-ch/slf4j,True,pom,15,MULTI_MODULE,16,13,0
qos-ch,logback,/home/camila/repos/qos-ch/logback,True,pom,6,MULTI_MODULE,7,5,0
QuantumBadger,RedReader,/home/camila/repos/QuantumBadger/RedReader,False,,0,NO_ROOT_POM,0,0,0
quarkusio,quarkus,/home/camila/repos/quarkusio/quarkus,True,pom,22,MULTI_MODULE,1611,1190,12
querydsl,querydsl,/home/camila/repos/querydsl/querydsl,True,pom,0,AGGREGATOR_EMPTY,33,28,0
questdb,questdb,/home/camila/repos/questdb/questdb,True,pom,5,MULTI_MODULE,6,5,1
raphw,byte-buddy,/home/camila/repos/raphw/byte-buddy,True,pom,8,MULTI_MODULE,9,6,0
ratpack,ratpack,/home/camila/repos/ratpack/ratpack,False,,0,NO_ROOT_POM,0,0,0
ReactiveX,RxJava,/home/camila/repos/ReactiveX/RxJava,False,,0,NO_ROOT_POM,0,0,0
reactor,reactor-core,/home/camila/repos/reactor/reactor-core,False,,0,NO_ROOT_POM,0,0,0
reactor,reactor-netty,/home/camila/repos/reactor/reactor-netty,False,,0,NO_ROOT_POM,0,0,0
real-logic,agrona,/home/camila/repos/real-logic/agrona,False,,0,NO_ROOT_POM,0,0,0
real-logic,simple-binary-encoding,/home/camila/repos/real-logic/simple-binary-encoding,False,,0,NO_ROOT_POM,0,0,0
real-logic,aeron,/home/camila/repos/real-logic/aeron,False,,0,NO_ROOT_POM,0,0,0
redisson,redisson,/home/camila/repos/redisson/redisson,True,pom,10,MULTI_MODULE,58,46,0
remkop,picocli,/home/camila/repos/remkop/picocli,True,jar,0,SINGLE_MODULE,4,4,0
rest-assured,rest-assured,/home/camila/repos/rest-assured/rest-assured,True,pom,7,MULTI_MODULE,25,22,9
RipMeApp,ripme,/home/camila/repos/RipMeApp/ripme,True,jar,0,SINGLE_MODULE,1,1,0
RoaringBitmap,RoaringBitmap,/home/camila/repos/RoaringBitmap/RoaringBitmap,False,,0,NO_ROOT_POM,0,0,0
robolectric,robolectric,/home/camila/repos/robolectric/robolectric,False,,0,NO_ROOT_POM,0,0,0
rstudio,rstudio,/home/camila/repos/rstudio/rstudio,False,,0,NO_ROOT_POM,0,0,0
runelite,runelite,/home/camila/repos/runelite/runelite,True,pom,5,MULTI_MODULE,6,4,0
scribejava,scribejava,/home/camila/repos/scribejava/scribejava,True,pom,8,MULTI_MODULE,9,8,0
selenide,selenide,/home/camila/repos/selenide/selenide,False,,0,NO_ROOT_POM,0,0,0
SeleniumHQ,selenium,/home/camila/repos/SeleniumHQ/selenium,False,,0,NO_ROOT_POM,1,1,0
siddhi-io,siddhi,/home/camila/repos/siddhi-io/siddhi,True,pom,6,MULTI_MODULE,21,17,0
signalapp,Signal-Android,/home/camila/repos/signalapp/Signal-Android,False,,0,NO_ROOT_POM,0,0,0
simpligility,android-maven-plugin,/home/camila/repos/simpligility/android-maven-plugin,True,maven-plugin,0,SINGLE_MODULE,39,8,0
skylot,jadx,/home/camila/repos/skylot/jadx,False,,0,NO_ROOT_POM,0,0,0
slapperwan,gh4a,/home/camila/repos/slapperwan/gh4a,False,,0,NO_ROOT_POM,0,0,0
sleuthkit,autopsy,/home/camila/repos/sleuthkit/autopsy,False,,0,NO_ROOT_POM,2,2,0
SonarSource,sonarqube,/home/camila/repos/SonarSource/sonarqube,False,,0,NO_ROOT_POM,21,5,0
soot-oss,soot,/home/camila/repos/soot-oss/soot,True,jar,0,SINGLE_MODULE,1,1,0
SpigotMC,BungeeCord,/home/camila/repos/SpigotMC/BungeeCord,True,pom,12,MULTI_MODULE,20,18,0
spockframework,spock,/home/camila/repos/spockframework/spock,False,,0,NO_ROOT_POM,0,0,0
SpongePowered,SpongeAPI,/home/camila/repos/SpongePowered/SpongeAPI,False,,0,NO_ROOT_POM,0,0,0
spotbugs,spotbugs,/home/camila/repos/spotbugs/spotbugs,False,,0,NO_ROOT_POM,0,0,0
spring-cloud,spring-cloud-config,/home/camila/repos/spring-cloud/spring-cloud-config,True,pom,8,MULTI_MODULE,9,7,1
spring-cloud,spring-cloud-gateway,/home/camila/repos/spring-cloud/spring-cloud-gateway,True,pom,10,MULTI_MODULE,14,11,1
spring-cloud,spring-cloud-sleuth,/home/camila/repos/spring-cloud/spring-cloud-sleuth,True,pom,10,MULTI_MODULE,48,43,1
spring-cloud,spring-cloud-netflix,/home/camila/repos/spring-cloud/spring-cloud-netflix,True,pom,7,MULTI_MODULE,8,6,1
spring-io,initializr,/home/camila/repos/spring-io/initializr,True,pom,11,MULTI_MODULE,12,9,0
spring-projects,spring-kafka,/home/camila/repos/spring-projects/spring-kafka,False,,0,NO_ROOT_POM,5,5,5
spring-projects,spring-data-redis,/home/camila/repos/spring-projects/spring-data-redis,True,jar,0,SINGLE_MODULE,1,1,0
spring-projects,spring-batch,/home/camila/repos/spring-projects/spring-batch,True,pom,7,MULTI_MODULE,8,6,0
spring-projects,spring-security,/home/camila/repos/spring-projects/spring-security,False,,0,NO_ROOT_POM,0,0,0
spring-projects,spring-integration,/home/camila/repos/spring-projects/spring-integration,False,,0,NO_ROOT_POM,0,0,0
spring-projects,spring-boot,/home/camila/repos/spring-projects/spring-boot,False,,0,NO_ROOT_POM,163,147,9
springdoc,springdoc-openapi,/home/camila/repos/springdoc/springdoc-openapi,True,pom,5,MULTI_MODULE,18,16,0
stanfordnlp,CoreNLP,/home/camila/repos/stanfordnlp/CoreNLP,True,jar,0,SINGLE_MODULE,3,3,1
strimzi,strimzi-kafka-operator,/home/camila/repos/strimzi/strimzi-kafka-operator,True,pom,17,MULTI_MODULE,22,17,0
swagger-api,swagger-core,/home/camila/repos/swagger-api/swagger-core,True,pom,10,MULTI_MODULE,19,14,0
syncthing,syncthing-android,/home/camila/repos/syncthing/syncthing-android,False,,0,NO_ROOT_POM,0,0,0
TEAMMATES,teammates,/home/camila/repos/TEAMMATES/teammates,False,,0,NO_ROOT_POM,0,0,0
TeamNewPipe,NewPipe,/home/camila/repos/TeamNewPipe/NewPipe,False,,0,NO_ROOT_POM,0,0,0
TechEmpower,FrameworkBenchmarks,/home/camila/repos/TechEmpower/FrameworkBenchmarks,False,,0,NO_ROOT_POM,80,77,0
testcontainers,testcontainers-java,/home/camila/repos/testcontainers/testcontainers-java,False,,0,NO_ROOT_POM,0,0,0
theonedev,onedev,/home/camila/repos/theonedev/onedev,True,pom,0,AGGREGATOR_EMPTY,61,59,0
thingsboard,thingsboard,/home/camila/repos/thingsboard/thingsboard,True,pom,11,MULTI_MODULE,56,37,1
tlaplus,tlaplus,/home/camila/repos/tlaplus/tlaplus,True,pom,35,MULTI_MODULE,37,0,0
traccar,traccar,/home/camila/repos/traccar/traccar,False,,0,NO_ROOT_POM,0,0,0
trinodb,trino,/home/camila/repos/trinodb/trino,True,pom,108,MULTI_MODULE,113,50,1
tronprotocol,java-tron,/home/camila/repos/tronprotocol/java-tron,False,,0,NO_ROOT_POM,0,0,0
Twitter4J,Twitter4J,/home/camila/repos/Twitter4J/Twitter4J,False,,0,NO_ROOT_POM,0,0,0
ukanth,afwall,/home/camila/repos/ukanth/afwall,False,,0,NO_ROOT_POM,0,0,0
unclebob,fitnesse,/home/camila/repos/unclebob/fitnesse,False,,0,NO_ROOT_POM,0,0,0
undertow-io,undertow,/home/camila/repos/undertow-io/undertow,True,pom,6,MULTI_MODULE,9,6,1
UniversalMediaServer,UniversalMediaServer,/home/camila/repos/UniversalMediaServer/UniversalMediaServer,True,jar,0,SINGLE_MODULE,1,1,0
vaadin,framework,/home/camila/repos/vaadin/framework,True,pom,0,AGGREGATOR_EMPTY,65,58,0
validator,validator,/home/camila/repos/validator/validator,False,,0,NO_ROOT_POM,0,0,0
vavr-io,vavr,/home/camila/repos/vavr-io/vavr,True,pom,5,MULTI_MODULE,6,5,0
VertaAI,modeldb,/home/camila/repos/VertaAI/modeldb,True,pom,2,MULTI_MODULE,6,4,0
vespa-engine,vespa,/home/camila/repos/vespa-engine/vespa,True,pom,118,MULTI_MODULE,177,88,0
vigna,fastutil,/home/camila/repos/vigna/fastutil,False,,0,NO_ROOT_POM,0,0,0
vipshop,Saturn,/home/camila/repos/vipshop/Saturn,True,pom,14,MULTI_MODULE,19,16,4
vsch,flexmark-java,/home/camila/repos/vsch/flexmark-java,True,pom,59,MULTI_MODULE,60,59,0
webbukkit,dynmap,/home/camila/repos/webbukkit/dynmap,False,,0,NO_ROOT_POM,0,0,0
wildfly,wildfly,/home/camila/repos/wildfly/wildfly,True,pom,66,MULTI_MODULE,230,156,1
winder,Universal-G-Code-Sender,/home/camila/repos/winder/Universal-G-Code-Sender,True,pom,5,MULTI_MODULE,28,4,0
xuxueli,xxl-job,/home/camila/repos/xuxueli/xxl-job,True,pom,3,MULTI_MODULE,6,4,0
yacy,yacy_search_server,/home/camila/repos/yacy/yacy_search_server,False,,0,NO_ROOT_POM,1,1,1
zaproxy,zaproxy,/home/camila/repos/zaproxy/zaproxy,False,,0,NO_ROOT_POM,0,0,0
zendesk,maxwell,/home/camila/repos/zendesk/maxwell,True,jar,0,SINGLE_MODULE,1,1,0
zxing,zxing,/home/camila/repos/zxing/zxing,True,pom,2,MULTI_MODULE,8,6,0
liferay,liferay-portal,/home/camila/repos/liferay/liferay-portal,False,,0,NO_ROOT_POM,55,47,12
