project_id,project,db,first_seen_in_project,last_seen_in_project,total_exposure_days,pre_disclosure_days,post_disclosure_days,post_resolution_days,disclosure_date_used,disclosure_source,resolution_date_used,was_publicly_known_during_use,used_after_resolution,used_before_disclosure,n_cves,n_files,n_raw_intervals,n_merged_intervals
1,Activiti,H2,2010-10-04,2026-01-08,4730,2508.0,2222.0,2221.0,2018-07-24 13:29:00.603,published_at,2019-02-22 14:41:59,True,True,True,5,28,266,10
1,Activiti,MySQL,2010-11-29,2017-05-30,2358,1582.0,775.0,753.0,2015-04-16 17:00:07.253,published_at,2015-05-08 10:55:46,True,True,True,9,1,36,3
1,Activiti,PostgreSQL,2010-11-29,2026-01-08,2892,2078.0,814.0,814.0,2018-08-30 13:29:00.377,published_at,2018-08-27 15:43:21,True,True,True,5,1,11,5
19,AxonFramework,HyperSQL,2010-03-09,2023-11-03,4654,4260.0,393.0,377.0,2022-10-06 18:17:07.190,published_at,2022-10-22 14:19:43,True,True,True,1,16,39,4
19,AxonFramework,MySQL,2010-03-09,2023-11-17,4171,1576.0,2594.0,2572.0,2015-04-16 17:00:07.253,published_at,2015-05-08 10:55:46,True,True,True,10,10,190,10
19,AxonFramework,PostgreSQL,2014-11-07,2026-01-07,3212,1335.0,1877.0,1877.0,2018-08-30 13:29:00.377,published_at,2018-08-27 15:43:21,True,True,True,10,5,74,18
60,BIMserver,SQLite,2019-08-29,2025-12-30,2315,1363.0,951.0,955.0,2023-05-23 23:15:09.337,published_at,2023-05-19 10:50:50,True,True,True,1,3,6,2
22,BroadleafCommerce,HyperSQL,2013-08-14,2023-01-04,198,107.0,90.0,74.0,2022-10-06 18:17:07.190,published_at,2022-10-22 14:19:43,True,True,True,1,3,5,2
70,BungeeCord,MySQL,2013-01-22,2023-12-10,3104,704.0,2399.0,2377.0,2015-04-16 17:00:07.253,published_at,2015-05-08 10:55:46,True,True,True,9,2,232,16
70,BungeeCord,SQLite,2013-05-03,2013-07-08,67,67.0,0.0,0.0,2023-05-23 23:15:09.337,published_at,2023-05-19 10:50:50,False,False,True,1,1,1,1
59,Chronicle-Queue,HyperSQL,2016-04-10,2022-07-14,2155,2155.0,0.0,0.0,2022-10-06 18:17:07.190,published_at,2022-10-22 14:19:43,False,False,True,1,1,5,5
44,DependencyCheck,H2,2013-01-06,2025-01-23,3116,746.0,2369.0,2156.0,2018-07-24 13:29:00.603,published_at,2019-02-22 14:41:59,True,True,True,5,8,106,7
44,DependencyCheck,Hazelcast,2013-08-14,2025-01-23,4181,2107.0,2073.0,2284.0,2019-05-22 14:29:00.223,published_at,2018-10-23 13:23:32,True,True,True,3,1,3,1
21,HikariCP,H2,2016-04-14,2025-09-13,3177,748.0,2428.0,2215.0,2018-07-24 13:29:00.603,published_at,2019-02-22 14:41:59,True,True,True,4,1,22,5
21,HikariCP,HyperSQL,2013-10-17,2014-02-18,125,125.0,0.0,0.0,2022-10-06 18:17:07.190,published_at,2022-10-22 14:19:43,False,False,True,1,1,1,1
21,HikariCP,PostgreSQL,2017-09-02,2025-09-13,2818,354.0,2463.0,2466.0,2018-08-30 13:29:00.377,published_at,2018-08-27 15:43:21,True,True,True,8,1,20,5
47,JSqlParser,H2,2020-11-06,2025-10-24,1742,0.0,1742.0,1742.0,2018-07-24 13:29:00.603,published_at,2019-02-22 14:41:59,True,True,False,5,1,10,3
54,OpenID-Connect-Java-Spring-Server,HyperSQL,2014-08-06,2022-04-19,2814,2814.0,0.0,0.0,2022-10-06 18:17:07.190,published_at,2022-10-22 14:19:43,False,False,True,1,2,3,1
61,OpenTripPlanner,HyperSQL,2020-04-23,2023-01-19,1002,896.0,105.0,89.0,2022-10-06 18:17:07.190,published_at,2022-10-22 14:19:43,True,True,True,1,1,1,1
80,Saturn,H2,2017-07-18,2020-07-28,1107,371.0,735.0,522.0,2018-07-24 13:29:00.603,published_at,2019-02-22 14:41:59,True,True,True,3,4,12,1
80,Saturn,MySQL,2017-04-10,2020-07-28,1206,0.0,1206.0,1206.0,2015-04-16 17:00:07.253,published_at,2015-05-08 10:55:46,True,True,False,9,4,36,1
78,UniversalMediaServer,H2,2022-05-24,2026-01-08,1326,0.0,1326.0,1326.0,2018-07-24 13:29:00.603,published_at,2019-02-22 14:41:59,True,True,False,2,1,8,1
67,byte-buddy,HyperSQL,2016-08-19,2016-08-19,1,1.0,0.0,0.0,2022-10-06 18:17:07.190,published_at,2022-10-22 14:19:43,False,False,True,1,4,4,1
67,byte-buddy,MySQL,2015-11-09,2015-11-09,1,1.0,0.0,0.0,2017-04-24 19:59:03.567,published_at,2017-02-14 20:27:59,False,False,True,8,1,8,1
17,commafeed,H2,2014-08-11,2026-01-07,3690,1176.0,2513.0,2300.0,2018-07-24 13:29:00.603,published_at,2019-02-22 14:41:59,True,True,True,4,2,47,8
17,commafeed,MySQL,2014-08-11,2023-12-17,2940,234.0,2705.0,2683.0,2015-04-16 17:00:07.253,published_at,2015-05-08 10:55:46,True,True,True,10,2,65,7
17,commafeed,PostgreSQL,2014-08-11,2024-09-13,3291,1373.0,1917.0,1920.0,2018-08-30 13:29:00.377,published_at,2018-08-27 15:43:21,True,True,True,10,2,39,10
17,commafeed,Redis,2013-06-29,2014-08-11,409,409.0,0.0,0.0,2023-10-04 20:15:10.263,published_at,2023-06-05 08:30:59,False,False,True,1,1,3,1
25,cucumber-jvm,H2,2021-09-09,2026-01-01,1574,0.0,1574.0,1574.0,2018-07-24 13:29:00.603,published_at,2019-02-22 14:41:59,True,True,False,5,1,9,2
25,cucumber-jvm,HyperSQL,2021-09-09,2022-11-01,419,392.0,26.0,10.0,2022-10-06 18:17:07.190,published_at,2022-10-22 14:19:43,True,True,True,1,2,3,1
8,drill,H2,2023-10-21,2025-11-06,748,0.0,748.0,748.0,2018-07-24 13:29:00.603,published_at,2019-02-22 14:41:59,True,True,False,1,3,3,1
8,drill,MS SQL Server_Microsoft Azure SQL Database,2023-10-21,2025-11-05,747,724.0,22.0,24.0,2025-10-14 17:16:07.240,published_at,2025-10-13 00:00:00,True,True,True,1,1,1,1
8,drill,MySQL,2023-10-21,2025-07-29,648,0.0,648.0,643.0,2023-10-17 22:15:15.100,published_at,2023-10-25 08:46:05,True,True,False,1,1,1,1
8,drill,PostgreSQL,2023-10-21,2025-11-06,735,735.0,0.0,0.0,2026-04-29 16:16:25.427,published_at,2026-04-29 00:00:00,False,False,True,1,1,2,2
27,ebean,H2,2012-09-14,2025-11-23,4791,2118.0,2672.0,2461.0,2018-07-24 13:29:00.603,published_at,2019-02-22 14:41:59,True,True,True,5,63,514,6
27,ebean,HyperSQL,2012-09-14,2021-09-09,3264,3264.0,0.0,0.0,2022-10-06 18:17:07.190,published_at,2022-10-22 14:19:43,False,False,True,1,4,5,3
27,ebean,MS SQL Server_Microsoft Azure SQL Database,2021-09-23,2025-11-23,1521,1482.0,38.0,40.0,2025-10-14 17:16:07.240,published_at,2025-10-13 00:00:00,True,True,True,1,1,3,2
27,ebean,MySQL,2012-09-14,2025-11-23,4707,884.0,3822.0,3800.0,2015-04-16 17:00:07.253,published_at,2015-05-08 10:55:46,True,True,True,10,5,69,6
27,ebean,PostgreSQL,2012-09-14,2025-11-23,4766,2136.0,2629.0,2632.0,2018-08-30 13:29:00.377,published_at,2018-08-27 15:43:21,True,True,True,7,13,118,9
27,ebean,Redis,2020-12-18,2022-01-28,373,373.0,0.0,0.0,2023-10-04 20:15:10.263,published_at,2023-06-05 08:30:59,False,False,True,1,1,6,4
27,ebean,SQLite,2013-05-01,2023-05-23,3567,3566.0,0.0,4.0,2023-05-23 23:15:09.337,published_at,2023-05-19 10:50:50,False,True,True,1,4,6,4
3,fastjson,H2,2017-05-22,2017-05-22,1,1.0,0.0,0.0,2018-07-24 13:29:00.603,published_at,2019-02-22 14:41:59,False,False,True,3,1,3,1
31,flyway,H2,2017-11-13,2023-11-13,2090,253.0,1836.0,1634.0,2018-07-24 13:29:00.603,published_at,2019-02-22 14:41:59,True,True,True,5,1,28,8
31,flyway,HyperSQL,2017-11-13,2022-10-20,1788,1773.0,14.0,0.0,2022-10-06 18:17:07.190,published_at,2022-10-22 14:19:43,True,False,True,1,1,6,4
31,flyway,Ignite,2021-04-26,2023-11-13,909,909.0,0.0,0.0,2025-02-14 10:15:09.557,published_at,2025-02-09 17:33:46,False,False,True,1,2,3,3
31,flyway,MS SQL Server_Microsoft Azure SQL Database,2020-11-11,2023-11-13,1076,1076.0,0.0,0.0,2025-10-14 17:16:07.240,published_at,2025-10-13 00:00:00,False,False,True,1,1,4,3
31,flyway,MySQL,2018-09-18,2021-11-30,1164,29.0,1134.0,1154.0,2018-10-17 01:31:27.230,published_at,2018-09-27 09:18:47,True,True,True,6,1,19,2
31,flyway,PostgreSQL,2017-11-13,2023-11-13,2132,290.0,1841.0,1844.0,2018-08-30 13:29:00.377,published_at,2018-08-27 15:43:21,True,True,True,7,2,84,8
31,flyway,SQLite,2017-11-13,2023-05-23,1996,1995.0,0.0,4.0,2023-05-23 23:15:09.337,published_at,2023-05-19 10:50:50,False,True,True,1,1,5,2
31,flyway,Snowflake,2019-11-15,2023-11-13,1369,1168.0,201.0,219.0,2023-04-14 20:15:09.963,published_at,2023-03-17 21:24:53,True,True,True,6,1,41,5
32,geotools,H2,2020-05-06,2025-12-30,2065,0.0,2065.0,2065.0,2018-07-24 13:29:00.603,published_at,2019-02-22 14:41:59,True,True,False,4,10,30,1
32,geotools,HyperSQL,2020-05-06,2022-05-04,729,729.0,0.0,0.0,2022-10-06 18:17:07.190,published_at,2022-10-22 14:19:43,False,False,True,1,69,69,1
32,geotools,MS SQL Server_Microsoft Azure SQL Database,2020-11-14,2025-10-14,1796,1795.0,0.0,2.0,2025-10-14 17:16:07.240,published_at,2025-10-13 00:00:00,False,True,True,1,3,8,1
32,geotools,MongoDB,2020-05-19,2021-09-05,475,282.0,192.0,200.0,2021-02-25 17:15:28.303,published_at,2021-02-18 00:00:00,True,True,True,1,2,4,1
32,geotools,MySQL,2020-05-06,2024-11-28,1152,0.0,1152.0,1152.0,2018-10-17 01:31:27.230,published_at,2018-09-27 09:18:47,True,True,False,6,3,42,5
32,geotools,PostgreSQL,2020-05-06,2025-12-30,1540,29.0,1510.0,1510.0,2020-06-04 16:15:12.657,published_at,2020-06-04 13:16:11,True,True,True,7,8,222,8
32,geotools,SQLite,2020-05-06,2022-05-04,729,729.0,0.0,0.0,2023-05-23 23:15:09.337,published_at,2023-05-19 10:50:50,False,False,True,1,4,10,1
43,gitlab-plugin,PostgreSQL,2019-09-20,2026-01-02,2223,0.0,2223.0,2223.0,2018-08-30 13:29:00.377,published_at,2018-08-27 15:43:21,True,True,False,10,1,49,16
33,guice,HyperSQL,2010-10-21,2025-03-07,5252,4368.0,883.0,867.0,2022-10-06 18:17:07.190,published_at,2022-10-22 14:19:43,True,True,True,1,1,1,1
41,heritrix3,HBase,2024-10-17,2024-10-18,2,0.0,2.0,2.0,2015-12-21 11:59:01.140,published_at,2015-05-21 17:42:00,True,True,False,1,1,1,1
39,immutables,H2,2014-10-30,2015-02-11,105,105.0,0.0,0.0,2018-07-24 13:29:00.603,published_at,2019-02-22 14:41:59,False,False,True,3,1,3,1
9,iotdb,H2,2021-06-05,2026-01-05,1608,0.0,1608.0,1608.0,2018-07-24 13:29:00.603,published_at,2019-02-22 14:41:59,True,True,False,5,23,160,4
42,janusgraph,Cassandra,2012-04-30,2013-03-29,118,118.0,0.0,0.0,2015-04-03 14:59:00.070,published_at,2015-04-01 00:00:00,False,False,True,3,3,12,2
38,java-design-patterns,H2,2015-04-12,2025-05-15,3606,1121.0,2484.0,2271.0,2018-07-24 13:29:00.603,published_at,2019-02-22 14:41:59,True,True,True,4,20,103,5
38,java-design-patterns,HyperSQL,2015-09-11,2022-11-20,2628,2582.0,45.0,29.0,2022-10-06 18:17:07.190,published_at,2022-10-22 14:19:43,True,True,True,1,2,2,1
38,java-design-patterns,MongoDB,2015-11-01,2021-10-19,2180,1943.0,236.0,244.0,2021-02-25 17:15:28.303,published_at,2021-02-18 00:00:00,True,True,True,1,1,1,1
49,jbpm,H2,2010-12-01,2023-11-21,2341,635.0,1705.0,1492.0,2018-07-24 13:29:00.603,published_at,2019-02-22 14:41:59,True,True,True,3,43,337,4
49,jbpm,MySQL,2019-02-25,2023-11-21,1709,0.0,1709.0,1709.0,2018-10-17 01:31:27.230,published_at,2018-09-27 09:18:47,True,True,False,6,1,12,3
49,jbpm,PostgreSQL,2019-02-25,2023-11-21,1433,0.0,1433.0,1433.0,2018-08-30 13:29:00.377,published_at,2018-08-27 15:43:21,True,True,False,7,1,15,6
46,jooby,H2,2014-06-27,2019-05-05,832,730.0,102.0,72.0,2018-07-24 13:29:00.603,published_at,2019-02-22 14:41:59,True,True,True,3,6,33,3
46,jooby,Hazelcast,2015-07-19,2016-07-01,349,349.0,0.0,0.0,2019-05-22 14:29:00.223,published_at,2018-10-23 13:23:32,False,False,True,3,2,12,1
46,jooby,MySQL,2014-06-27,2023-10-16,1138,131.0,1007.0,991.0,2015-04-16 17:00:07.253,published_at,2015-05-08 10:55:46,True,True,True,10,8,105,12
46,jooby,Redis,2021-07-18,2024-11-21,739,739.0,0.0,0.0,2024-12-02 20:03:03.000,published_at,2024-12-01 20:35:13,False,False,True,1,1,13,13
50,killbill,H2,2012-12-10,2025-11-25,3552,1469.0,2083.0,2083.0,2018-07-24 13:29:00.603,published_at,2019-02-22 14:41:59,True,True,True,5,25,356,6
50,killbill,MySQL,2012-06-14,2025-11-25,4538,794.0,3743.0,3721.0,2015-04-16 17:00:07.253,published_at,2015-05-08 10:55:46,True,True,True,10,21,855,9
50,killbill,PostgreSQL,2015-09-14,2025-11-25,2536,568.0,1968.0,1968.0,2018-08-30 13:29:00.377,published_at,2018-08-27 15:43:21,True,True,True,8,15,570,9
50,killbill,Redis,2020-01-23,2025-11-25,1973,1189.0,783.0,904.0,2023-10-04 20:15:10.263,published_at,2023-06-05 08:30:59,True,True,True,1,16,176,9
57,light-4j,H2,2018-06-17,2025-12-23,2594,37.0,2556.0,2381.0,2018-07-24 13:29:00.603,published_at,2019-02-22 14:41:59,True,True,True,4,3,17,7
57,light-4j,MySQL,2018-06-17,2025-03-18,2429,84.0,2344.0,2364.0,2018-10-17 01:31:27.230,published_at,2018-09-27 09:18:47,True,True,True,6,2,16,2
57,light-4j,PostgreSQL,2018-06-17,2025-12-23,2522,59.0,2463.0,2463.0,2018-08-30 13:29:00.377,published_at,2018-08-27 15:43:21,True,True,True,8,3,25,9
51,liquibase,H2,2020-02-06,2026-01-05,2138,0.0,2138.0,2138.0,2018-07-24 13:29:00.603,published_at,2019-02-22 14:41:59,True,True,False,5,13,250,5
51,liquibase,HyperSQL,2013-02-01,2022-10-31,1486,1460.0,25.0,9.0,2022-10-06 18:17:07.190,published_at,2022-10-22 14:19:43,True,True,True,1,11,24,2
51,liquibase,MS SQL Server_Microsoft Azure SQL Database,2021-10-20,2025-07-01,731,731.0,0.0,0.0,2025-10-14 17:16:07.240,published_at,2025-10-13 00:00:00,False,False,True,1,13,85,4
51,liquibase,MySQL,2020-02-06,2025-02-05,1827,0.0,1827.0,1827.0,2018-10-17 01:31:27.230,published_at,2018-09-27 09:18:47,True,True,False,5,13,108,1
51,liquibase,PostgreSQL,2020-06-19,2026-01-05,1989,0.0,1989.0,1989.0,2020-06-04 16:15:12.657,published_at,2020-06-04 13:16:11,True,True,False,8,13,343,7
51,liquibase,SQLite,2021-10-20,2023-05-23,581,580.0,0.0,4.0,2023-05-23 23:15:09.337,published_at,2023-05-19 10:50:50,False,True,True,1,13,104,1
51,liquibase,Snowflake,2022-06-09,2026-01-05,1268,296.0,971.0,993.0,2023-04-14 20:15:09.963,published_at,2023-03-17 21:24:53,True,True,True,6,12,1326,9
66,logback,H2,2010-03-23,2022-03-18,4379,3045.0,1333.0,1120.0,2018-07-24 13:29:00.603,published_at,2019-02-22 14:41:59,True,True,True,3,1,3,1
66,logback,HyperSQL,2017-03-16,2022-03-18,1829,1829.0,0.0,0.0,2022-10-06 18:17:07.190,published_at,2022-10-22 14:19:43,False,False,True,1,2,2,1
66,logback,MySQL,2010-03-23,2022-03-18,4379,1850.0,2528.0,2506.0,2015-04-16 17:00:07.253,published_at,2015-05-08 10:55:46,True,True,True,9,1,9,1
66,logback,PostgreSQL,2010-03-22,2022-03-18,4380,3083.0,1296.0,1299.0,2018-08-30 13:29:00.377,published_at,2018-08-27 15:43:21,True,True,True,1,1,1,1
52,mage,H2,2014-05-24,2025-10-06,4015,1384.0,2630.0,2418.0,2018-07-24 13:29:00.603,published_at,2019-02-22 14:41:59,True,True,True,5,44,564,4
52,mage,SQLite,2012-07-24,2025-10-06,4757,3889.0,867.0,871.0,2023-05-23 23:15:09.337,published_at,2023-05-19 10:50:50,True,True,True,1,27,34,2
53,manifold,H2,2023-06-26,2024-11-11,503,0.0,503.0,503.0,2018-07-24 13:29:00.603,published_at,2019-02-22 14:41:59,True,True,False,2,3,7,2
53,manifold,MS SQL Server_Microsoft Azure SQL Database,2023-10-09,2023-11-04,10,10.0,0.0,0.0,2025-10-14 17:16:07.240,published_at,2025-10-13 00:00:00,False,False,True,1,2,2,2
53,manifold,MySQL,2023-09-26,2023-11-04,23,21.0,1.0,1.0,2023-10-17 22:15:15.100,published_at,2023-10-25 08:46:05,True,True,True,1,2,2,2
53,manifold,PostgreSQL,2023-09-26,2023-11-04,23,23.0,0.0,0.0,2026-04-29 16:16:25.427,published_at,2026-04-29 00:00:00,False,False,True,1,2,2,2
53,manifold,SQLite,2023-06-23,2024-11-11,440,0.0,440.0,440.0,2023-05-23 23:15:09.337,published_at,2023-05-19 10:50:50,True,True,False,1,2,3,2
83,maxwell,MySQL,2015-02-09,2025-06-25,3659,58.0,3600.0,3578.0,2015-04-16 17:00:07.253,published_at,2015-05-08 10:55:46,True,True,True,10,2,36,6
83,maxwell,Redis,2019-10-12,2025-08-28,2148,1453.0,694.0,815.0,2023-10-04 20:15:10.263,published_at,2023-06-05 08:30:59,True,True,True,1,1,2,1
79,modeldb,H2,2022-08-25,2024-04-25,606,0.0,606.0,606.0,2018-07-24 13:29:00.603,published_at,2019-02-22 14:41:59,True,True,False,5,2,15,2
79,modeldb,MS SQL Server_Microsoft Azure SQL Database,2022-03-10,2024-02-06,696,696.0,0.0,0.0,2025-10-14 17:16:07.240,published_at,2025-10-13 00:00:00,False,False,True,1,2,6,2
79,modeldb,PostgreSQL,2022-03-10,2022-12-15,266,0.0,266.0,266.0,2022-02-16 00:08:18.000,published_at,2022-02-15 19:06:43,True,True,False,5,2,16,3
55,moquette,H2,2016-05-16,2025-08-11,2078,466.0,1612.0,1612.0,2018-07-24 13:29:00.603,published_at,2019-02-22 14:41:59,True,True,True,5,6,41,4
55,moquette,Hazelcast,2016-07-22,2017-08-24,399,399.0,0.0,0.0,2019-05-22 14:29:00.223,published_at,2018-10-23 13:23:32,False,False,True,3,7,30,1
56,morphia,MongoDB,2020-01-20,2020-11-17,255,255.0,0.0,0.0,2021-02-25 17:15:28.303,published_at,2021-02-18 00:00:00,False,False,True,1,3,15,4
2,nacos,MySQL,2018-07-21,2024-08-28,2167,0.0,2167.0,2167.0,2015-04-16 17:00:07.253,published_at,2015-05-08 10:55:46,True,True,False,10,18,194,4
2,nacos,PostgreSQL,2025-12-29,2025-12-29,1,1.0,0.0,0.0,2026-04-29 16:16:25.427,published_at,2026-04-29 00:00:00,False,False,True,1,4,4,1
11,nifi,Couchbase,2023-02-03,2024-05-06,459,0.0,459.0,459.0,2020-01-29 21:15:11.047,published_at,2018-09-01 00:00:00,True,True,False,4,4,14,1
11,nifi,H2,2023-02-03,2025-12-09,963,0.0,963.0,963.0,2018-07-24 13:29:00.603,published_at,2019-02-22 14:41:59,True,True,False,5,41,210,2
11,nifi,Hazelcast,2023-02-03,2023-10-27,267,165.0,101.0,121.0,2023-07-18 16:15:11.693,published_at,2023-06-28 13:25:25,True,True,True,3,2,14,1
11,nifi,Ignite,2023-02-03,2023-05-23,110,0.0,110.0,110.0,2017-04-07 19:59:00.167,published_at,2017-04-07 00:00:00,True,True,False,5,2,10,1
11,nifi,MySQL,2023-02-03,2023-11-03,271,253.0,17.0,9.0,2023-10-17 22:15:15.100,published_at,2023-10-25 08:46:05,True,True,True,1,4,12,2
11,nifi,PostgreSQL,2023-02-03,2025-12-09,848,381.0,466.0,465.0,2024-02-19 13:15:07.740,published_at,2024-02-21 00:00:00,True,True,True,3,5,54,4
11,nifi,Redis,2023-02-03,2025-09-21,755,243.0,511.0,632.0,2023-10-04 20:15:10.263,published_at,2023-06-05 08:30:59,True,True,True,1,5,31,5
11,nifi,Snowflake,2023-06-20,2025-12-09,672,496.0,175.0,175.0,2024-10-30 21:15:14.160,published_at,2024-10-30 19:01:21,True,True,True,5,5,185,6
58,nutz,H2,2011-01-30,2025-08-14,4783,2204.0,2578.0,2365.0,2018-07-24 13:29:00.603,published_at,2019-02-22 14:41:59,True,True,True,3,1,27,9
58,nutz,MySQL,2013-01-23,2024-09-10,3235,89.0,3146.0,3146.0,2015-04-16 17:00:07.253,published_at,2015-05-08 10:55:46,True,True,True,10,1,52,5
58,nutz,PostgreSQL,2012-06-05,2025-08-14,4715,2173.0,2541.0,2544.0,2018-08-30 13:29:00.377,published_at,2018-08-27 15:43:21,True,True,True,5,1,8,2
58,nutz,SQLite,2016-12-24,2025-08-14,3156,2341.0,814.0,818.0,2023-05-23 23:15:09.337,published_at,2023-05-19 10:50:50,True,True,True,1,1,1,1
37,pitest,Hazelcast,2011-06-27,2011-09-05,71,71.0,0.0,0.0,2019-05-22 14:29:00.223,published_at,2018-10-23 13:23:32,False,False,True,3,2,6,1
63,presto,Cassandra,2014-01-23,2014-06-24,153,153.0,0.0,0.0,2015-04-03 14:59:00.070,published_at,2015-04-01 00:00:00,False,False,True,3,1,3,1
63,presto,H2,2012-09-12,2026-01-08,837,333.0,504.0,504.0,2018-07-24 13:29:00.603,published_at,2019-02-22 14:41:59,True,True,True,5,75,395,3
63,presto,MySQL,2014-06-17,2025-03-28,284,66.0,218.0,218.0,2015-04-16 17:00:07.253,published_at,2015-05-08 10:55:46,True,True,True,9,32,164,2
63,presto,PostgreSQL,2024-08-23,2026-01-08,435,0.0,435.0,435.0,2018-08-30 13:29:00.377,published_at,2018-08-27 15:43:21,True,True,False,3,26,34,2
63,presto,Redis,2024-08-23,2025-10-27,79,0.0,79.0,79.0,2023-10-04 20:15:10.263,published_at,2023-06-05 08:30:59,True,True,False,2,20,21,3
64,primefaces,Hazelcast,2013-12-16,2023-10-17,3454,1982.0,1472.0,1681.0,2019-05-22 14:29:00.223,published_at,2018-10-23 13:23:32,True,True,True,7,1,46,8
64,primefaces,HyperSQL,2021-06-08,2021-09-24,104,104.0,0.0,0.0,2022-10-06 18:17:07.190,published_at,2022-10-22 14:19:43,False,False,True,1,1,2,2
68,redisson,H2,2018-12-24,2026-01-05,2544,0.0,2544.0,2483.0,2018-07-24 13:29:00.603,published_at,2019-02-22 14:41:59,True,True,False,5,8,101,7
68,redisson,Redis,2013-12-22,2026-01-05,3631,2806.0,824.0,945.0,2023-10-04 20:15:10.263,published_at,2023-06-05 08:30:59,True,True,True,2,54,4484,49
69,runelite,H2,2020-02-13,2021-12-23,680,0.0,680.0,680.0,2018-07-24 13:29:00.603,published_at,2019-02-22 14:41:59,True,True,False,3,1,3,1
69,runelite,MongoDB,2020-02-13,2021-12-23,680,378.0,301.0,309.0,2021-02-25 17:15:28.303,published_at,2021-02-18 00:00:00,True,True,True,1,1,1,1
69,runelite,MySQL,2020-02-13,2023-07-30,1264,0.0,1264.0,1264.0,2018-10-17 01:31:27.230,published_at,2018-09-27 09:18:47,True,True,False,5,1,5,1
7,shardingsphere-elasticjob,H2,2016-08-12,2025-09-25,3309,711.0,2597.0,2384.0,2018-07-24 13:29:00.603,published_at,2019-02-22 14:41:59,True,True,True,3,26,74,3
7,shardingsphere-elasticjob,MySQL,2016-08-12,2020-07-31,1440,0.0,1440.0,1440.0,2015-04-16 17:00:07.253,published_at,2015-05-08 10:55:46,True,True,False,10,19,141,3
6,shiro,Hazelcast,2016-11-10,2023-10-23,2269,923.0,1345.0,1556.0,2019-05-22 14:29:00.223,published_at,2018-10-23 13:23:32,True,True,True,4,3,37,5
6,shiro,HyperSQL,2019-06-13,2023-01-25,1323,1211.0,111.0,95.0,2022-10-06 18:17:07.190,published_at,2022-10-22 14:19:43,True,True,True,1,3,6,1
10,skywalking,H2,2016-07-22,2024-12-23,2589,732.0,1856.0,1643.0,2018-07-24 13:29:00.603,published_at,2019-02-22 14:41:59,True,True,True,4,82,267,3
10,skywalking,MySQL,2016-04-03,2023-03-14,1770,386.0,1383.0,1452.0,2017-04-24 19:59:03.567,published_at,2017-02-14 20:27:59,True,True,True,9,21,133,3
10,skywalking,PostgreSQL,2017-10-18,2026-01-05,2485,316.0,2168.0,2171.0,2018-08-30 13:29:00.377,published_at,2018-08-27 15:43:21,True,True,True,7,13,89,3
10,skywalking,Redis,2019-01-11,2020-11-08,668,668.0,0.0,0.0,2023-10-04 20:15:10.263,published_at,2023-06-05 08:30:59,False,False,True,2,2,2,1
72,spring-batch,H2,2009-12-19,2025-12-17,2172,1159.0,1013.0,1013.0,2018-07-24 13:29:00.603,published_at,2019-02-22 14:41:59,True,True,True,5,2,28,6
72,spring-batch,HyperSQL,2021-01-29,2021-01-29,1,1.0,0.0,0.0,2022-10-06 18:17:07.190,published_at,2022-10-22 14:19:43,False,False,True,1,6,6,1
72,spring-batch,MongoDB,2022-11-23,2023-05-04,96,0.0,96.0,96.0,2021-02-25 17:15:28.303,published_at,2021-02-18 00:00:00,True,True,False,1,2,6,2
72,spring-batch,MySQL,2008-03-25,2023-10-20,366,63.0,303.0,303.0,2015-04-16 17:00:07.253,published_at,2015-05-08 10:55:46,True,True,True,10,2,16,5
72,spring-batch,PostgreSQL,2022-11-23,2025-12-17,908,401.0,507.0,507.0,2024-02-19 13:15:07.740,published_at,2024-02-21 00:00:00,True,True,True,3,3,20,6
72,spring-batch,Redis,2023-11-22,2025-03-20,135,0.0,135.0,135.0,2023-10-04 20:15:10.263,published_at,2023-06-05 08:30:59,True,True,False,1,1,4,3
72,spring-batch,SQLite,2021-01-29,2023-07-06,216,171.0,44.0,48.0,2023-05-23 23:15:09.337,published_at,2023-05-19 10:50:50,True,True,True,1,2,7,3
71,spring-data-redis,Redis,2017-10-02,2025-05-16,1872,1467.0,404.0,525.0,2023-10-04 20:15:10.263,published_at,2023-06-05 08:30:59,True,True,True,2,1,26,5
73,springdoc-openapi,H2,2019-12-05,2026-01-01,2027,0.0,2027.0,2027.0,2018-07-24 13:29:00.603,published_at,2019-02-22 14:41:59,True,True,False,5,4,22,4
48,tablesaw,H2,2017-02-18,2025-07-11,2705,517.0,2187.0,1974.0,2018-07-24 13:29:00.603,published_at,2019-02-22 14:41:59,True,True,True,5,2,23,6
76,thingsboard,Cassandra,2016-12-01,2017-01-21,52,52.0,0.0,0.0,2020-09-01 21:15:11.833,published_at,2020-08-28 13:18:20,False,False,True,1,2,2,1
76,thingsboard,Hazelcast,2016-12-01,2017-01-21,52,52.0,0.0,0.0,2019-05-22 14:29:00.223,published_at,2018-10-23 13:23:32,False,False,True,3,6,36,1
76,thingsboard,HyperSQL,2020-06-11,2021-12-16,553,553.0,0.0,0.0,2022-10-06 18:17:07.190,published_at,2022-10-22 14:19:43,False,False,True,1,4,10,2
76,thingsboard,PostgreSQL,2020-06-11,2026-01-07,1896,0.0,1896.0,1896.0,2018-08-30 13:29:00.377,published_at,2018-08-27 15:43:21,True,True,False,6,5,65,4
76,thingsboard,Redis,2020-06-11,2024-04-15,1405,1210.0,194.0,315.0,2023-10-04 20:15:10.263,published_at,2023-06-05 08:30:59,True,True,True,1,14,53,1
14,tinkerpop,H2,2013-11-07,2022-04-12,3079,1720.0,1358.0,1145.0,2018-07-24 13:29:00.603,published_at,2019-02-22 14:41:59,True,True,True,3,17,51,1
14,tinkerpop,Neo4j,2013-09-10,2014-02-05,149,149.0,0.0,0.0,2014-04-29 14:38:47.797,published_at,2014-12-02 19:10:17,False,False,True,3,1,3,1
77,undertow,H2,2013-12-16,2025-10-17,4318,1675.0,2642.0,2429.0,2018-07-24 13:29:00.603,published_at,2019-02-22 14:41:59,True,True,True,5,2,19,2
28,vert.x,Hazelcast,2014-05-20,2014-11-15,180,180.0,0.0,0.0,2019-05-22 14:29:00.223,published_at,2018-10-23 13:23:32,False,False,True,3,3,18,1
82,xxl-job,MySQL,2015-11-28,2023-03-23,1734,0.0,1734.0,1734.0,2015-04-16 17:00:07.253,published_at,2015-05-08 10:55:46,True,True,False,10,7,97,8
62,zipkin,MySQL,2015-09-23,2015-11-04,43,43.0,0.0,0.0,2017-04-24 19:59:03.567,published_at,2017-02-14 20:27:59,False,False,True,8,3,40,1
