project_id,project_full_name,failure_category,failures,affected_versions
1,Activiti/Activiti,PARENT_POM_NOT_RESOLVED,166,166
1,Activiti/Activiti,BLOCKED_HTTP_REPOSITORY,108,108
1,Activiti/Activiti,OTHER,93,93
1,Activiti/Activiti,ARTIFACT_NOT_FOUND,58,58
2,alibaba/nacos,ARTIFACT_NOT_FOUND,5,5
3,alibaba/fastjson,ARTIFACT_NOT_FOUND,2,2
3,alibaba/fastjson,BLOCKED_HTTP_REPOSITORY,1,1
3,alibaba/fastjson,OTHER,1,1
3,alibaba/fastjson,PARENT_POM_NOT_RESOLVED,1,1
4,Alluxio/alluxio,BLOCKED_HTTP_REPOSITORY,425,425
4,Alluxio/alluxio,ARTIFACT_NOT_FOUND,165,165
4,Alluxio/alluxio,OTHER,4,4
5,apache/rocketmq,DEPENDENCY_RESOLUTION_FAILED,162,162
5,apache/rocketmq,ARTIFACT_NOT_FOUND,33,33
6,apache/shiro,ARTIFACT_NOT_FOUND,130,130
6,apache/shiro,BLOCKED_HTTP_REPOSITORY,106,106
6,apache/shiro,DEPENDENCY_RESOLUTION_FAILED,26,26
6,apache/shiro,OTHER,5,5
7,apache/shardingsphere-elasticjob,ARTIFACT_NOT_FOUND,4,4
7,apache/shardingsphere-elasticjob,OTHER,2,2
8,apache/drill,BLOCKED_HTTP_REPOSITORY,557,557
8,apache/drill,ARTIFACT_NOT_FOUND,161,161
8,apache/drill,MAVEN_GOAL_FAILED,148,148
8,apache/drill,OTHER,1,1
9,apache/iotdb,DEPENDENCY_RESOLUTION_FAILED,118,118
9,apache/iotdb,BLOCKED_HTTP_REPOSITORY,74,74
9,apache/iotdb,ARTIFACT_NOT_FOUND,24,24
9,apache/iotdb,MAVEN_GOAL_FAILED,7,7
9,apache/iotdb,OTHER,1,1
10,apache/skywalking,DEPENDENCY_RESOLUTION_FAILED,194,194
10,apache/skywalking,BLOCKED_HTTP_REPOSITORY,23,23
10,apache/skywalking,ARTIFACT_NOT_FOUND,16,16
10,apache/skywalking,OTHER,14,14
10,apache/skywalking,PARENT_POM_NOT_RESOLVED,2,2
11,apache/nifi,DEPENDENCY_RESOLUTION_FAILED,1239,1239
11,apache/nifi,BLOCKED_HTTP_REPOSITORY,448,448
11,apache/nifi,PLUGIN_RESOLUTION_FAILED,230,230
11,apache/nifi,ARTIFACT_NOT_FOUND,71,71
11,apache/nifi,OTHER,2,2
12,apache/struts,BLOCKED_HTTP_REPOSITORY,657,657
12,apache/struts,OTHER,395,395
12,apache/struts,ARTIFACT_NOT_FOUND,23,23
12,apache/struts,DEPENDENCY_RESOLUTION_FAILED,18,18
13,apache/activemq,BLOCKED_HTTP_REPOSITORY,1398,1398
13,apache/activemq,DNS_OR_HOST_ERROR,321,321
13,apache/activemq,DEPENDENCY_RESOLUTION_FAILED,226,226
13,apache/activemq,OTHER,74,74
13,apache/activemq,ARTIFACT_NOT_FOUND,29,29
14,apache/tinkerpop,BLOCKED_HTTP_REPOSITORY,381,381
14,apache/tinkerpop,ARTIFACT_NOT_FOUND,184,184
15,apereo/cas,BLOCKED_HTTP_REPOSITORY,257,257
16,asciidocfx/AsciidocFX,BLOCKED_HTTP_REPOSITORY,80,80
16,asciidocfx/AsciidocFX,MAVEN_GOAL_FAILED,14,14
17,Athou/commafeed,BLOCKED_HTTP_REPOSITORY,3,3
18,aws/aws-sdk-java,MAVEN_GOAL_FAILED,5,5
18,aws/aws-sdk-java,OTHER,1,1
19,AxonFramework/AxonFramework,BLOCKED_HTTP_REPOSITORY,120,120
19,AxonFramework/AxonFramework,ARTIFACT_NOT_FOUND,44,44
19,AxonFramework/AxonFramework,OTHER,5,5
20,bootique/bootique,BLOCKED_HTTP_REPOSITORY,13,13
20,bootique/bootique,ARTIFACT_NOT_FOUND,10,10
20,bootique/bootique,OTHER,2,2
21,brettwooldridge/HikariCP,ARTIFACT_NOT_FOUND,4,4
22,BroadleafCommerce/BroadleafCommerce,BLOCKED_HTTP_REPOSITORY,518,518
22,BroadleafCommerce/BroadleafCommerce,ARTIFACT_NOT_FOUND,3,3
22,BroadleafCommerce/BroadleafCommerce,OTHER,3,3
23,checkstyle/checkstyle,DNS_OR_HOST_ERROR,35,35
23,checkstyle/checkstyle,OTHER,1,1
24,confluentinc/ksql,ARTIFACT_NOT_FOUND,1671,1671
24,confluentinc/ksql,PARENT_POM_NOT_RESOLVED,573,573
24,confluentinc/ksql,BLOCKED_HTTP_REPOSITORY,186,186
24,confluentinc/ksql,OTHER,22,22
24,confluentinc/ksql,DEPENDENCY_RESOLUTION_FAILED,4,4
25,cucumber/cucumber-jvm,ARTIFACT_NOT_FOUND,3,3
26,dbeaver/dbeaver,OTHER,604,604
26,dbeaver/dbeaver,PARENT_POM_NOT_RESOLVED,107,107
26,dbeaver/dbeaver,DNS_OR_HOST_ERROR,45,45
26,dbeaver/dbeaver,ARTIFACT_NOT_FOUND,42,42
27,ebean-orm/ebean,ARTIFACT_NOT_FOUND,104,104
27,ebean-orm/ebean,MAVEN_GOAL_FAILED,12,12
27,ebean-orm/ebean,OTHER,1,1
28,eclipse-vertx/vert.x,OTHER,220,220
28,eclipse-vertx/vert.x,ARTIFACT_NOT_FOUND,41,41
28,eclipse-vertx/vert.x,PARENT_POM_NOT_RESOLVED,4,4
30,FasterXML/jackson-databind,PARENT_POM_NOT_RESOLVED,101,101
30,FasterXML/jackson-databind,ARTIFACT_NOT_FOUND,50,50
30,FasterXML/jackson-databind,OTHER,2,2
31,flyway/flyway,MAVEN_GOAL_FAILED,175,175
31,flyway/flyway,ARTIFACT_NOT_FOUND,45,45
31,flyway/flyway,DEPENDENCY_RESOLUTION_FAILED,30,30
31,flyway/flyway,BLOCKED_HTTP_REPOSITORY,25,25
32,geotools/geotools,BLOCKED_HTTP_REPOSITORY,774,774
32,geotools/geotools,DEPENDENCY_RESOLUTION_FAILED,82,82
32,geotools/geotools,ARTIFACT_NOT_FOUND,23,23
32,geotools/geotools,OTHER,9,9
34,google/error-prone,BLOCKED_HTTP_REPOSITORY,57,57
34,google/error-prone,OTHER,1,1
35,graphhopper/graphhopper,BLOCKED_HTTP_REPOSITORY,94,94
35,graphhopper/graphhopper,ARTIFACT_NOT_FOUND,5,5
35,graphhopper/graphhopper,OTHER,5,5
36,haraldk/TwelveMonkeys,OTHER,3,3
36,haraldk/TwelveMonkeys,ARTIFACT_NOT_FOUND,2,2
36,haraldk/TwelveMonkeys,BLOCKED_HTTP_REPOSITORY,2,2
37,hcoles/pitest,BLOCKED_HTTP_REPOSITORY,18,18
37,hcoles/pitest,ARTIFACT_NOT_FOUND,1,1
37,hcoles/pitest,OTHER,1,1
38,iluwatar/java-design-patterns,BLOCKED_HTTP_REPOSITORY,28,28
38,iluwatar/java-design-patterns,OTHER,2,2
39,immutables/immutables,BLOCKED_HTTP_REPOSITORY,231,231
39,immutables/immutables,MAVEN_GOAL_FAILED,77,77
39,immutables/immutables,ARTIFACT_NOT_FOUND,9,9
39,immutables/immutables,OTHER,2,2
40,INRIA/spoon,BLOCKED_HTTP_REPOSITORY,45,45
40,INRIA/spoon,DEPENDENCY_RESOLUTION_FAILED,15,15
40,INRIA/spoon,ARTIFACT_NOT_FOUND,2,2
40,INRIA/spoon,OTHER,1,1
41,internetarchive/heritrix3,BLOCKED_HTTP_REPOSITORY,177,177
41,internetarchive/heritrix3,MAVEN_GOAL_FAILED,14,14
42,JanusGraph/janusgraph,DEPENDENCY_RESOLUTION_FAILED,410,410
42,JanusGraph/janusgraph,BLOCKED_HTTP_REPOSITORY,69,69
42,JanusGraph/janusgraph,ARTIFACT_NOT_FOUND,43,43
42,JanusGraph/janusgraph,MAVEN_GOAL_FAILED,3,3
43,jenkinsci/gitlab-plugin,BLOCKED_HTTP_REPOSITORY,199,199
43,jenkinsci/gitlab-plugin,ARTIFACT_NOT_FOUND,2,2
43,jenkinsci/gitlab-plugin,OTHER,1,1
44,jeremylong/DependencyCheck,ARTIFACT_NOT_FOUND,256,256
44,jeremylong/DependencyCheck,MAVEN_GOAL_FAILED,85,85
44,jeremylong/DependencyCheck,DNS_OR_HOST_ERROR,58,58
44,jeremylong/DependencyCheck,DEPENDENCY_RESOLUTION_FAILED,13,13
44,jeremylong/DependencyCheck,OTHER,3,3
46,jooby-project/jooby,DNS_OR_HOST_ERROR,1244,1244
46,jooby-project/jooby,ARTIFACT_NOT_FOUND,767,767
46,jooby-project/jooby,BLOCKED_HTTP_REPOSITORY,105,105
46,jooby-project/jooby,MAVEN_GOAL_FAILED,28,28
46,jooby-project/jooby,OTHER,7,7
47,JSQLParser/JSqlParser,DNS_OR_HOST_ERROR,13,13
48,jtablesaw/tablesaw,MAVEN_GOAL_FAILED,12,12
48,jtablesaw/tablesaw,DNS_OR_HOST_ERROR,2,2
48,jtablesaw/tablesaw,ARTIFACT_NOT_FOUND,1,1
48,jtablesaw/tablesaw,OTHER,1,1
49,kiegroup/jbpm,BLOCKED_HTTP_REPOSITORY,416,416
49,kiegroup/jbpm,OTHER,95,95
49,kiegroup/jbpm,DEPENDENCY_RESOLUTION_FAILED,44,44
49,kiegroup/jbpm,ARTIFACT_NOT_FOUND,25,25
49,kiegroup/jbpm,PARENT_POM_NOT_RESOLVED,10,10
50,killbill/killbill,ARTIFACT_NOT_FOUND,346,346
50,killbill/killbill,DEPENDENCY_RESOLUTION_FAILED,325,325
50,killbill/killbill,OTHER,7,7
50,killbill/killbill,MAVEN_GOAL_FAILED,3,3
50,killbill/killbill,BLOCKED_HTTP_REPOSITORY,1,1
51,liquibase/liquibase,ARTIFACT_NOT_FOUND,139,139
51,liquibase/liquibase,OTHER,28,28
51,liquibase/liquibase,DNS_OR_HOST_ERROR,1,1
52,magefree/mage,BLOCKED_HTTP_REPOSITORY,104,104
52,magefree/mage,PARENT_POM_NOT_RESOLVED,16,16
52,magefree/mage,ARTIFACT_NOT_FOUND,7,7
52,magefree/mage,OTHER,4,4
53,manifold-systems/manifold,ARTIFACT_NOT_FOUND,60,60
53,manifold-systems/manifold,OTHER,2,2
54,mitreid-connect/OpenID-Connect-Java-Spring-Server,BLOCKED_HTTP_REPOSITORY,57,57
54,mitreid-connect/OpenID-Connect-Java-Spring-Server,OTHER,35,35
54,mitreid-connect/OpenID-Connect-Java-Spring-Server,ARTIFACT_NOT_FOUND,1,1
55,moquette-io/moquette,ARTIFACT_NOT_FOUND,3,3
55,moquette-io/moquette,PARENT_POM_NOT_RESOLVED,2,2
55,moquette-io/moquette,OTHER,1,1
56,MorphiaOrg/morphia,ARTIFACT_NOT_FOUND,13,13
56,MorphiaOrg/morphia,OTHER,9,9
56,MorphiaOrg/morphia,PARENT_POM_NOT_RESOLVED,5,5
57,networknt/light-4j,OTHER,6,6
57,networknt/light-4j,ARTIFACT_NOT_FOUND,1,1
59,OpenHFT/Chronicle-Queue,OTHER,499,499
59,OpenHFT/Chronicle-Queue,ARTIFACT_NOT_FOUND,112,112
59,OpenHFT/Chronicle-Queue,MAVEN_GOAL_FAILED,69,69
59,OpenHFT/Chronicle-Queue,BLOCKED_HTTP_REPOSITORY,61,61
59,OpenHFT/Chronicle-Queue,PARENT_POM_NOT_RESOLVED,6,6
60,opensourceBIM/BIMserver,BLOCKED_HTTP_REPOSITORY,554,554
60,opensourceBIM/BIMserver,ARTIFACT_NOT_FOUND,6,6
60,opensourceBIM/BIMserver,OTHER,4,4
60,opensourceBIM/BIMserver,PARENT_POM_NOT_RESOLVED,4,4
61,opentripplanner/OpenTripPlanner,BLOCKED_HTTP_REPOSITORY,392,392
61,opentripplanner/OpenTripPlanner,OTHER,8,8
61,opentripplanner/OpenTripPlanner,ARTIFACT_NOT_FOUND,7,7
62,openzipkin/zipkin,ARTIFACT_NOT_FOUND,5,5
62,openzipkin/zipkin,BLOCKED_HTTP_REPOSITORY,2,2
63,prestodb/presto,OTHER,1697,1697
63,prestodb/presto,DEPENDENCY_RESOLUTION_FAILED,280,280
63,prestodb/presto,MAVEN_GOAL_FAILED,260,260
63,prestodb/presto,ARTIFACT_NOT_FOUND,102,102
63,prestodb/presto,BLOCKED_HTTP_REPOSITORY,33,33
64,primefaces/primefaces,BLOCKED_HTTP_REPOSITORY,10,10
64,primefaces/primefaces,DNS_OR_HOST_ERROR,6,6
64,primefaces/primefaces,ARTIFACT_NOT_FOUND,1,1
65,psi-probe/psi-probe,MAVEN_GOAL_FAILED,163,163
65,psi-probe/psi-probe,BLOCKED_HTTP_REPOSITORY,87,87
65,psi-probe/psi-probe,ARTIFACT_NOT_FOUND,9,9
65,psi-probe/psi-probe,DNS_OR_HOST_ERROR,5,5
65,psi-probe/psi-probe,OTHER,1,1
66,qos-ch/logback,ARTIFACT_NOT_FOUND,102,102
66,qos-ch/logback,OTHER,8,8
66,qos-ch/logback,DEPENDENCY_RESOLUTION_FAILED,2,2
66,qos-ch/logback,DNS_OR_HOST_ERROR,1,1
67,raphw/byte-buddy,OTHER,5,5
68,redisson/redisson,DNS_OR_HOST_ERROR,143,143
68,redisson/redisson,ARTIFACT_NOT_FOUND,22,22
68,redisson/redisson,OTHER,5,5
69,runelite/runelite,OTHER,319,319
69,runelite/runelite,BLOCKED_HTTP_REPOSITORY,231,231
70,SpigotMC/BungeeCord,BLOCKED_HTTP_REPOSITORY,12,12
71,spring-projects/spring-data-redis,PARENT_POM_NOT_RESOLVED,369,369
71,spring-projects/spring-data-redis,MAVEN_GOAL_FAILED,3,3
71,spring-projects/spring-data-redis,OTHER,3,3
72,spring-projects/spring-batch,BLOCKED_HTTP_REPOSITORY,401,401
72,spring-projects/spring-batch,MAVEN_GOAL_FAILED,126,126
72,spring-projects/spring-batch,OTHER,39,39
72,spring-projects/spring-batch,ARTIFACT_NOT_FOUND,24,24
73,springdoc/springdoc-openapi,OTHER,21,21
73,springdoc/springdoc-openapi,ARTIFACT_NOT_FOUND,9,9
73,springdoc/springdoc-openapi,MAVEN_GOAL_FAILED,2,2
73,springdoc/springdoc-openapi,DNS_OR_HOST_ERROR,1,1
75,strimzi/strimzi-kafka-operator,ARTIFACT_NOT_FOUND,82,82
75,strimzi/strimzi-kafka-operator,NETWORK_TIMEOUT,1,1
76,thingsboard/thingsboard,BLOCKED_HTTP_REPOSITORY,155,155
76,thingsboard/thingsboard,OTHER,7,7
76,thingsboard/thingsboard,ARTIFACT_NOT_FOUND,4,4
76,thingsboard/thingsboard,DNS_OR_HOST_ERROR,3,3
77,undertow-io/undertow,BLOCKED_HTTP_REPOSITORY,263,263
77,undertow-io/undertow,MAVEN_GOAL_FAILED,106,106
77,undertow-io/undertow,ARTIFACT_NOT_FOUND,6,6
77,undertow-io/undertow,OTHER,2,2
78,UniversalMediaServer/UniversalMediaServer,BLOCKED_HTTP_REPOSITORY,956,956
78,UniversalMediaServer/UniversalMediaServer,ARTIFACT_NOT_FOUND,1,1
78,UniversalMediaServer/UniversalMediaServer,MAVEN_GOAL_FAILED,1,1
79,VertaAI/modeldb,DNS_OR_HOST_ERROR,1,1
80,vipshop/Saturn,OTHER,1,1
81,vsch/flexmark-java,ARTIFACT_NOT_FOUND,33,33
81,vsch/flexmark-java,PARENT_POM_NOT_RESOLVED,15,15
81,vsch/flexmark-java,OTHER,7,7
82,xuxueli/xxl-job,OTHER,3,3
82,xuxueli/xxl-job,ARTIFACT_NOT_FOUND,2,2
