owner,name,has_external_version_files,files,reason
Activiti,Activiti,False,,
airbnb,lottie-android,False,,no_root_pom
alibaba,spring-cloud-alibaba,False,,
alibaba,nacos,False,,
alibaba,fastjson,False,,
aliyun,aliyun-openapi-java-sdk,False,,no_root_pom
Alluxio,alluxio,False,,
AlmasB,FXGL,False,,
AntennaPod,AntennaPod,False,,no_root_pom
antlr,antlr4,False,,
AnySoftKeyboard,AnySoftKeyboard,False,,no_root_pom
apache,rocketmq,False,,
apache,hudi,False,,
apache,iceberg,False,,no_root_pom
apache,servicecomb-pack,False,,
apache,shiro,False,,
apache,opennlp,False,,
apache,zookeeper,False,,no_root_pom
apache,avro,False,,no_root_pom
apache,shardingsphere-elasticjob,False,,
apache,bookkeeper,False,,no_root_pom
apache,curator,False,,
apache,netbeans,False,,no_root_pom
apache,nutch,False,,no_root_pom
apache,servicecomb-java-chassis,False,,
apache,httpcomponents-client,False,,
apache,calcite,False,,no_root_pom
apache,dubbo,False,,
apache,drill,False,,
apache,pulsar,False,,
apache,zeppelin,False,,
apache,iotdb,False,,
apache,skywalking,False,,
apache,tika,False,,
apache,nifi,False,,
apache,commons-lang,False,,
apache,gobblin,False,,no_root_pom
apache,struts,False,,
apache,kafka,False,,no_root_pom
apache,geode,False,,no_root_pom
apache,pdfbox,False,,
apache,storm,False,,
apache,activemq,False,,
apache,maven,False,,
apache,poi,False,,no_root_pom
apache,logging-log4j2,False,,no_root_pom
apache,hive,False,,no_root_pom
apache,groovy,False,,no_root_pom
apache,jmeter,False,,no_root_pom
apache,tinkerpop,False,,
apache,flink,False,,
apache,tomcat,False,,no_root_pom
apache,hadoop,False,,
apache,beam,False,,no_root_pom
apache,ambari,False,,
apache,camel,False,,no_root_pom
apereo,cas,False,,
asciidocfx,AsciidocFX,False,,
AsyncHttpClient,async-http-client,False,,
Athou,commafeed,False,,
Atmosphere,atmosphere,False,,
Automattic,simplenote-android,False,,no_root_pom
aws,aws-sdk-java,False,,
aws,aws-sdk-java-v2,False,,
AxonFramework,AxonFramework,False,,
azkaban,azkaban,False,,no_root_pom
bazelbuild,bazel,False,,no_root_pom
bcgit,bc-java,False,,no_root_pom
ben-manes,caffeine,False,,no_root_pom
bisq-network,bisq,False,,no_root_pom
bitcoin-wallet,bitcoin-wallet,False,,no_root_pom
bitcoinj,bitcoinj,False,,no_root_pom
Blankj,AndroidUtilCode,False,,no_root_pom
bonigarcia,webdrivermanager,False,,
bootique,bootique,False,,
brettwooldridge,HikariCP,False,,
broadinstitute,gatk,False,,no_root_pom
BroadleafCommerce,BroadleafCommerce,False,,
BuildCraft,BuildCraft,False,,no_root_pom
bumptech,glide,False,,no_root_pom
bytedeco,javacpp-presets,False,,
cabaletta,baritone,False,,no_root_pom
camunda,camunda-bpm-platform,False,,
CellularPrivacy,Android-IMSI-Catcher-Detector,False,,no_root_pom
cgeo,cgeo,False,,no_root_pom
checkstyle,checkstyle,False,,
classgraph,classgraph,False,,
clojure,clojure,False,,
cloudfoundry,uaa,False,,no_root_pom
codecentric,spring-boot-admin,False,,
Col-E,Recaf,False,,no_root_pom
confluentinc,kafka-rest,False,,
confluentinc,schema-registry,False,,
confluentinc,ksql,False,,
connectbot,connectbot,False,,no_root_pom
crate,crate,False,,
cryptomator,cryptomator,False,,
cSploit,android,False,,no_root_pom
cuba-platform,cuba,False,,no_root_pom
cucumber,cucumber-jvm,False,,
danfickle,openhtmltopdf,False,,
dbeaver,dbeaver,False,,
debezium,debezium,False,,
diffplug,spotless,False,,no_root_pom
docker-java,docker-java,False,,
dreamhead,moco,False,,no_root_pom
drewnoakes,metadata-extractor,False,,
dropwizard,metrics,False,,
dropwizard,dropwizard,False,,
ebean-orm,ebean,False,,
eclipse,eclipse-collections,False,,
eclipse-vertx,vert.x,False,,
ehcache,ehcache3,False,,no_root_pom
elastic,elasticsearch-hadoop,False,,no_root_pom
elastic,elasticsearch,False,,no_root_pom
embulk,embulk,False,,no_root_pom
EngineHub,WorldEdit,False,,no_root_pom
ervandew,eclim,False,,no_root_pom
Etar-Group,Etar-Calendar,False,,no_root_pom
fabric8io,docker-maven-plugin,False,,
fabric8io,kubernetes-client,False,,
facebook,fresco,False,,no_root_pom
facebook,litho,False,,no_root_pom
FasterXML,jackson-core,False,,
FasterXML,jackson-databind,False,,
federicoiosue,Omni-Notes,False,,no_root_pom
firebase,firebase-android-sdk,False,,no_root_pom
flowable,flowable-engine,False,,
flutter,flutter-intellij,False,,no_root_pom
flyingsaucerproject,flyingsaucer,False,,
flyway,flyway,False,,
fossasia,pslab-android,False,,no_root_pom
geoserver,geoserver,False,,no_root_pom
geotools,geotools,False,,
gephi,gephi,False,,
GeyserMC,Geyser,False,,no_root_pom
gocd,gocd,False,,no_root_pom
google,auto,False,,no_root_pom
google,truth,False,,
google,gson,False,,
google,guice,False,,
google,copybara,False,,no_root_pom
google,nomulus,False,,no_root_pom
google,error-prone,False,,
google,j2objc,False,,no_root_pom
google,guava,False,,
google,closure-compiler,False,,no_root_pom
googleapis,google-http-java-client,False,,
googleapis,google-api-java-client,False,,
googleapis,google-cloud-java,False,,
GoogleContainerTools,jib,False,,no_root_pom
graphhopper,jsprit,False,,
graphhopper,graphhopper,False,,
graphql-java,graphql-java,False,,no_root_pom
Graylog2,graylog2-server,False,,
grpc,grpc-java,False,,no_root_pom
gsantner,markor,False,,no_root_pom
haifengl,smile,False,,no_root_pom
hapifhir,hapi-fhir,False,,
haraldk,TwelveMonkeys,False,,
hawtio,hawtio,False,,
hcoles,pitest,False,,
hneemann,Digital,False,,
i2p,i2p.i2p,False,,no_root_pom
iBotPeaches,Apktool,False,,no_root_pom
igniterealtime,Smack,False,,no_root_pom
igniterealtime,Openfire,False,,
iluwatar,java-design-patterns,False,,
immutables,immutables,False,,
INRIA,spoon,False,,
internetarchive,heritrix3,False,,
iterate-ch,cyberduck,False,,
itext,itextpdf,False,,
JabRef,jabref,False,,no_root_pom
jacoco,jacoco,False,,
jankotek,mapdb,False,,
JanusGraph,janusgraph,False,,
java-json-tools,json-schema-validator,False,,no_root_pom
java-native-access,jna,False,,no_root_pom
javamelody,javamelody,False,,
javaparser,javaparser,False,,
jdbi,jdbi,False,,
jenkinsci,gitlab-plugin,False,,
jenkinsci,kubernetes-plugin,False,,
jenkinsci,blueocean-plugin,False,,
jenkinsci,jenkins,False,,
jeremylong,DependencyCheck,False,,
JetBrains,intellij-plugins,False,,no_root_pom
jhy,jsoup,False,,
jindrapetrik,jpexs-decompiler,False,,no_root_pom
jitsi,jitsi,False,,
jMonkeyEngine,jmonkeyengine,False,,no_root_pom
JodaOrg,joda-time,False,,
jooby-project,jooby,False,,
journeyapps,zxing-android-embedded,False,,no_root_pom
JSQLParser,JSqlParser,False,,
jtablesaw,tablesaw,False,,
junit-team,junit4,False,,
junit-team,junit5,False,,no_root_pom
kalessil,phpinspectionsea,False,,no_root_pom
kermitt2,grobid,False,,no_root_pom
keycloak,keycloak,False,,
kiegroup,jbpm,False,,
killbill,killbill,False,,
knowm,XChart,False,,
knowm,XChange,False,,
Kong,unirest-java,False,,
konsoletyper,teavm,False,,no_root_pom
kubernetes-client,java,False,,
languagetool-org,languagetool,False,,
LawnchairLauncher,Lawnchair,False,,no_root_pom
libgdx,libgdx,False,,no_root_pom
LibrePDF,OpenPDF,False,,
line,armeria,False,,no_root_pom
linkedin,rest.li,False,,no_root_pom
linkedin,ambry,False,,no_root_pom
liquibase,liquibase,False,,
lukas-krecan,ShedLock,False,,
LWJGL,lwjgl3,False,,
M66B,NetGuard,False,,no_root_pom
mabe02,lanterna,False,,
magefree,mage,False,,
manifold-systems,manifold,False,,
mapstruct,mapstruct,False,,
material-components,material-components-android,False,,no_root_pom
mendhak,gpslogger,False,,no_root_pom
micrometer-metrics,micrometer,False,,no_root_pom
micronaut-projects,micronaut-core,False,,no_root_pom
MinecraftForge,MinecraftForge,False,,no_root_pom
mitreid-connect,OpenID-Connect-Java-Spring-Server,False,,
mock-server,mockserver,False,,
mockito,mockito,False,,no_root_pom
mongodb,mongo-java-driver,False,,no_root_pom
moquette-io,moquette,False,,
MorphiaOrg,morphia,False,,
MovingBlocks,Terasology,False,,no_root_pom
mplushnikov,lombok-intellij-plugin,False,,no_root_pom
msgpack,msgpack-java,False,,no_root_pom
NationalSecurityAgency,ghidra,False,,no_root_pom
naver,ngrinder,False,,no_root_pom
Neamar,KISS,False,,no_root_pom
neo4j-contrib,neo4j-apoc-procedures,False,,no_root_pom
Netflix,genie,False,,no_root_pom
netty,netty,False,,
networknt,light-4j,False,,
nextcloud,android,False,,no_root_pom
nutzam,nutz,False,,
oblac,jodd,False,,no_root_pom
open-keychain,open-keychain,False,,no_root_pom
OpenAPITools,openapi-generator,False,,
OpenHFT,Chronicle-Map,False,,
OpenHFT,Chronicle-Queue,False,,
OpenRefine,OpenRefine,False,,
opensourceBIM,BIMserver,False,,
opentripplanner,OpenTripPlanner,False,,
OpenVidu,openvidu,False,,
openzipkin,brave,False,,
openzipkin,zipkin,False,,
oracle,opengrok,False,,no_root_pom
oracle,graal,False,,no_root_pom
oracle,visualvm,False,,no_root_pom
oshi,oshi,False,,no_root_pom
osmandapp,OsmAnd,False,,no_root_pom
osmdroid,osmdroid,False,,no_root_pom
pac4j,pac4j,False,,no_root_pom
pentaho,pentaho-kettle,False,,
PhilippC,keepass2android,False,,no_root_pom
PhilJay,MPAndroidChart,False,,no_root_pom
pinterest,secor,False,,
plutext,docx4j,False,,
pmd,pmd,False,,
pravega,pravega,False,,no_root_pom
prestodb,presto,False,,
primefaces,primefaces,False,,
processing,processing,False,,no_root_pom
psi-probe,psi-probe,False,,
pytorch,serve,False,,no_root_pom
qos-ch,slf4j,False,,
qos-ch,logback,False,,
QuantumBadger,RedReader,False,,no_root_pom
quarkusio,quarkus,False,,
querydsl,querydsl,False,,
questdb,questdb,False,,
raphw,byte-buddy,False,,
ratpack,ratpack,False,,no_root_pom
ReactiveX,RxJava,False,,no_root_pom
reactor,reactor-core,False,,no_root_pom
reactor,reactor-netty,False,,no_root_pom
real-logic,agrona,False,,no_root_pom
real-logic,simple-binary-encoding,False,,no_root_pom
real-logic,aeron,False,,no_root_pom
redisson,redisson,False,,
remkop,picocli,False,,
rest-assured,rest-assured,False,,
RipMeApp,ripme,False,,
RoaringBitmap,RoaringBitmap,False,,no_root_pom
robolectric,robolectric,False,,no_root_pom
rstudio,rstudio,False,,no_root_pom
runelite,runelite,False,,
scribejava,scribejava,False,,
selenide,selenide,False,,no_root_pom
SeleniumHQ,selenium,False,,no_root_pom
siddhi-io,siddhi,False,,
signalapp,Signal-Android,False,,no_root_pom
simpligility,android-maven-plugin,False,,
skylot,jadx,False,,no_root_pom
slapperwan,gh4a,False,,no_root_pom
sleuthkit,autopsy,False,,no_root_pom
SonarSource,sonarqube,False,,no_root_pom
soot-oss,soot,False,,
SpigotMC,BungeeCord,False,,
spockframework,spock,False,,no_root_pom
SpongePowered,SpongeAPI,False,,no_root_pom
spotbugs,spotbugs,False,,no_root_pom
spring-cloud,spring-cloud-config,False,,
spring-cloud,spring-cloud-gateway,False,,
spring-cloud,spring-cloud-sleuth,False,,
spring-cloud,spring-cloud-netflix,False,,
spring-io,initializr,False,,
spring-projects,spring-kafka,False,,no_root_pom
spring-projects,spring-data-redis,False,,
spring-projects,spring-batch,False,,
spring-projects,spring-security,False,,no_root_pom
spring-projects,spring-integration,False,,no_root_pom
spring-projects,spring-boot,False,,no_root_pom
springdoc,springdoc-openapi,False,,
stanfordnlp,CoreNLP,False,,
strimzi,strimzi-kafka-operator,False,,
swagger-api,swagger-core,False,,
syncthing,syncthing-android,False,,no_root_pom
TEAMMATES,teammates,False,,no_root_pom
TeamNewPipe,NewPipe,False,,no_root_pom
TechEmpower,FrameworkBenchmarks,False,,no_root_pom
testcontainers,testcontainers-java,False,,no_root_pom
theonedev,onedev,False,,
thingsboard,thingsboard,False,,
tlaplus,tlaplus,False,,
traccar,traccar,False,,no_root_pom
trinodb,trino,False,,
tronprotocol,java-tron,False,,no_root_pom
Twitter4J,Twitter4J,False,,no_root_pom
ukanth,afwall,False,,no_root_pom
unclebob,fitnesse,False,,no_root_pom
undertow-io,undertow,False,,
UniversalMediaServer,UniversalMediaServer,False,,
vaadin,framework,False,,
validator,validator,False,,no_root_pom
vavr-io,vavr,False,,
VertaAI,modeldb,False,,
vespa-engine,vespa,False,,
vigna,fastutil,False,,no_root_pom
vipshop,Saturn,False,,
vsch,flexmark-java,False,,
webbukkit,dynmap,False,,no_root_pom
wildfly,wildfly,False,,
winder,Universal-G-Code-Sender,False,,
xuxueli,xxl-job,False,,
yacy,yacy_search_server,False,,no_root_pom
zaproxy,zaproxy,False,,no_root_pom
zendesk,maxwell,False,,
zxing,zxing,False,,
liferay,liferay-portal,False,,no_root_pom
